,index,brand,model,price,rating,processor_brand,processor_tier,num_cores,num_threads,ram_memory,primary_storage_type,primary_storage_capacity,gpu_brand,gpu_type,is_touch_screen,display_size,resolution_width,resolution_height,os,year_of_warranty,cluster
0,1,tecno,Tecno Megabook T1 Laptop (11th Gen Core i3/ 8GB/ 512GB SSD/ Win11 Home),287.72,63,intel,core i3,2,4,8,SSD,512,intel,integrated,0,15.6,1920,1080,windows,1,73
1,2,tecno,Tecno Megabook T1 Laptop (11th Gen Core i7/ 16GB/ 1TB SSD/ Win11 Home),431.64,67,intel,core i7,4,8,16,SSD,1024,intel,integrated,0,15.6,1920,1080,windows,1,44
2,3,hp,HP Victus 15-fb0157AX Gaming Laptop (AMD Ryzen 5 5600H/ 8GB/ 512GB SSD/ Win11/ 4GB Graph),612.86,73,amd,ryzen 5,6,12,8,SSD,512,amd,dedicated,0,15.6,1920,1080,windows,1,28
3,4,acer,Acer Extensa EX214-53 Laptop (12th Gen Core i5/ 8GB/ 512GB SSD/ Win11 Home),479.62,62,intel,core i5,12,16,8,SSD,512,intel,integrated,0,14.0,1920,1080,windows,1,53
4,5,lenovo,Lenovo V15 82KDA01BIH Laptop (AMD Ryzen 3 5300U/ 8GB/ 512GB SSD/ Win11 Home),342.77,62,amd,ryzen 3,4,8,8,SSD,512,amd,integrated,0,15.6,1920,1080,windows,1,14
5,6,apple,Apple MacBook Air 2020 MGND3HN Laptop (Apple M1/ 8GB/ 256GB SSD/ MacOS),851.41,45,apple,m1,8,8,8,SSD,256,apple,apple,0,13.3,2560,1600,mac,1,113
6,7,infinix,Infinix INBook Y2 Plus Laptop (11th Gen Core i5/ 16GB/ 512GB SSD/ Win 11 Home),419.65,56,intel,core i5,4,8,16,SSD,512,intel,integrated,0,15.6,1920,1080,windows,1,4
7,8,asus,Asus TUF Gaming F15 FX506HF-HN024W Gaming Laptop (11th Gen Core i5/ 8GB/ 512GB SSD/ Win11/ 4GB Graph),599.55,70,intel,core i5,6,12,8,SSD,512,nvidia,dedicated,0,15.6,1920,1080,windows,1,19
8,9,hp,HP 15s-fq5007TU Laptop (12th Gen Core i3/ 8GB/ 512GB SSD/ Win11 Home),443.64,60,intel,core i3,6,8,8,SSD,512,intel,integrated,0,15.6,1920,1080,windows,1,95
9,10,infinix,Infinix Zerobook 2023 Laptop (13th Gen Core i9/ 32GB/ 1TB SSD/ Win 11 Home),719.48,71,intel,core i9,14,20,32,SSD,1024,intel,integrated,0,15.6,1920,1080,windows,1,83
10,11,dell,Dell Inspiron 3520 D560896WIN9B Laptop (12th Gen Core i3/ 8GB/ 512GB SSD/ Win11),419.65,60,intel,core i3,6,8,8,SSD,512,intel,integrated,0,15.6,1920,1080,windows,1,91
11,12,samsung,Samsung Galaxy Book2 Pro 13 Laptop (12th Gen Core i5/ 16GB/ 512GB SSD/ Win11),779.45,68,intel,core i5,12,16,16,SSD,512,intel,integrated,0,13.3,1080,1920,windows,1,54
12,13,msi,MSI Thin GF63 12UC-846IN Gaming Laptop (12th Gen Core i5/ 16GB/ 512GB SSD/ Win11 Home/ 4GB Graphics),635.53,71,intel,core i5,8,12,16,SSD,512,nvidia,dedicated,0,15.6,1920,1080,windows,2,7
13,14,asus,Asus Vivobook 16X 2022 M1603QA-MB711WS Laptop (Ryzen 7-5800H/ 16GB/ 512GB SSD/ Win11 Home),688.3,71,amd,ryzen 7,8,16,16,SSD,512,amd,integrated,0,16.0,1920,1200,windows,1,37
14,15,lenovo,Lenovo IdeaPad Slim 3 82H803LKIN Laptop (11th Gen Core i5/ 16GB/ 512GB SSD/ Win11),569.57,66,intel,core i5,4,8,16,SSD,512,intel,integrated,0,15.6,1920,1080,windows,1,4
15,16,hp,HP Omen 16-wf1025TX Gaming Laptop (14th Gen Core i7/ 16GB/ 1TB SSD/ Win11 Home/ 8GB Graph),1846.86,85,intel,core i7,20,28,16,SSD,1024,nvidia,dedicated,0,16.1,2560,1440,windows,1,24
16,17,lenovo,Lenovo V15 G3 IAP 82TTA08AIN Laptop (12th Gen Core i7/ 16GB/ 512GB SSD/Win11),599.55,59,intel,core i7,10,12,16,SSD,512,intel,integrated,0,15.6,1920,1080,windows,1,107
17,18,asus,Asus TUF Gaming F15 FX506HE-HN385WS Gaming Laptop (11th Gen Core i7/ 16GB/ 1TB SSD/ Win11/ 4GB Graph),911.38,76,intel,core i7,8,16,16,SSD,1024,nvidia,dedicated,0,15.6,1920,1080,windows,1,20
18,19,hp,HP Victus 15-fb1017AX Gaming Laptop (AMD Ryzen 5 7535HS/ 16GB/ 512GB SSD/ Win11/ 4GB Graph),665.51,71,amd,ryzen 5,6,12,16,SSD,512,nvidia,dedicated,0,15.6,1920,1080,windows,1,32
19,20,wings,Wings Nuvobook V1 Laptop (11th Gen Core i5/ 8GB/ 512GB SSD/ Win11),335.7,56,intel,core i5,4,8,8,SSD,512,intel,integrated,0,15.6,1080,1920,windows,1,8
20,21,hp,HP 255 G9 840T7PA Laptop (AMD Athlon Silver-3050U/ 4GB/ 256GB SSD/ DOS),231.46,49,amd,other,2,2,4,SSD,256,amd,integrated,0,15.6,1366,768,dos,1,35
21,22,lenovo,Lenovo V15 G4 82YU00W7IN Laptop (AMD Ryzen 3 7320U/ 8GB/ 512GB SSD/ Win11 Home),335.7,59,amd,ryzen 3,4,8,8,SSD,512,amd,integrated,0,15.6,1920,1080,windows,1,14
22,23,apple,Apple MacBook Pro 16 2023 Laptop (Apple M3 Max/ 48GB/ 1TB SSD/ macOS),4796.16,65,apple,m3,16,16,8,SSD,1024,apple,apple,0,16.2,3456,2234,mac,1,142
23,24,asus,Asus Vivobook 15 X1502ZA-EJ385WS Laptop (12th Gen Core i3/ 8GB/ 512GB SSD/ Win11),479.62,57,intel,core i3,10,12,8,SSD,512,intel,integrated,0,15.6,1920,1080,windows,1,15
24,25,asus,Asus VivoBook 15 X1500EA-EJ311W Laptop (11th Gen Core i3/ 8GB/ 256GB SSD/ Win11),335.7,57,intel,core i3,2,4,8,SSD,256,intel,integrated,0,15.6,1920,1080,windows,1,74
25,26,acer,Acer Nitro V ANV15-51 2023 Gaming Laptop (13th Gen Core i5/ 16GB/ 512GB SSD/ Win11/ 6GB Graph),935.36,63,intel,core i5,8,12,16,SSD,512,nvidia,dedicated,0,15.6,1920,1080,windows,1,47
26,27,hp,HP Victus 16-s0094AX Gaming Laptop (AMD Ryzen 7 7840HS/ 16GB/ 1TB SSD/ Win11/ 6GB Graph),947.36,77,amd,ryzen 7,8,16,16,SSD,1024,nvidia,dedicated,0,16.1,1920,1080,windows,1,72
27,28,ultimus,Ultimus Elite NU14U3INF56BN-CS Laptop (10th Gen Core i5 / 8GB/ 512GB SSD/ Win11 Home),239.75,54,intel,core i5,4,8,8,SSD,512,intel,integrated,0,14.1,1920,1080,windows,1,89
28,30,hp,HP Pavilion 15-eg3081TU Laptop (13th Gen Core i5/ 16GB/ 512GB SSD/ Win11 Home),863.51,66,intel,core i5,12,16,16,SSD,512,intel,integrated,0,15.6,1920,1080,windows,1,84
29,31,msi,MSI GF63 Thin 11UC-1294IN Gaming Laptop (11th Gen Core i7/ 16GB/ 1TB 256GB SSD/ Win11/ 4GB Graph),800.92,76,intel,core i7,8,16,16,HDD,1024,nvidia,dedicated,0,15.6,1920,1080,windows,1,21
30,32,samsung,Samsung Galaxy Book2 NP550XED-KA1IN 15 Laptop (12th Gen Core i5/ 8GB/ 512GB SSD/ Win11),539.58,59,intel,core i5,10,12,8,SSD,512,intel,integrated,0,15.6,1920,1080,windows,1,15
31,33,samsung,Samsung Galaxy Book2 NP550XED-KA2IN Laptop (12th Gen Core i5/ 16GB/ 512GB SSD/ Win11),575.56,62,intel,core i5,10,12,16,SSD,512,intel,integrated,0,15.6,1920,1080,windows,1,107
32,34,lenovo,Lenovo IdeaPad Gaming 3 15IHU6 82K101GSIN Laptop (11th Gen Core i5/ 8GB/ 512GB SSD/ Win11 Home/ 4GB Graph),575.56,71,intel,core i5,4,8,8,SSD,512,nvidia,dedicated,0,15.6,1920,1080,windows,1,148
33,35,asus,Asus Vivobook 16X 2022 M1603QA-MB502WS Laptop (Ryzen 5-5600H/ 8GB/ 512GB SSD/ Win11 Home),563.57,65,amd,ryzen 5,6,12,8,SSD,512,amd,integrated,0,16.0,1920,1200,windows,1,64
34,36,apple,Apple MacBook Air 2022 Laptop (Apple M2/ 8GB/ 256GB SSD/ MacOS),1235.2,48,apple,m2,8,8,8,SSD,256,apple,apple,0,13.6,2560,1664,mac,1,113
35,37,dell,Dell G15-5520 Laptop (12th Gen Core i5/ 16GB/ 512GB SSD/ Win11 Home/ 4GB Graph),818.42,66,intel,core i5,12,16,16,SSD,512,nvidia,dedicated,0,15.6,1920,1080,windows,1,80
36,38,acer,Acer Aspire Lite AL15-52 15 Laptop (12th Gen Core i5/ 16GB/ 1TB SSD/ Win11),563.57,64,intel,core i5,10,12,16,SSD,1024,intel,integrated,0,15.6,1920,1080,windows,1,25
37,39,acer,Acer Aspire Lite 15 AL15-52 Laptop (12th Gen Core i3/ 16GB/ 512GB SSD/ Win11),419.65,60,intel,core i3,6,8,16,SSD,512,intel,integrated,0,15.6,1920,1080,windows,1,4
38,40,hp,HP 15s-fr5011TU Laptop (12th Gen Core i5/ 16GB/ 512GB SSD/ Win11 Home),647.52,62,intel,core i5,10,12,16,SSD,512,intel,integrated,0,15.6,1920,1080,windows,1,84
39,41,asus,Asus Vivobook 16X 2023 K3605ZF-MB541WS Laptop (12th Gen Core i5/ 16GB/ 512GB SSD/ Win11 Home/ 4GB Graph),767.46,72,intel,core i5,8,12,16,SSD,512,nvidia,dedicated,0,16.0,1920,1200,windows,1,3
40,42,asus,Asus ROG Flow X13 GV301RC-LJ132WS Gaming Laptop (AMD Ryzen 9 6900HS/ 16GB/ 512GB SSD/ Win11 Home/ 4GB Graph),1362.1,77,amd,ryzen 9,8,16,16,SSD,512,nvidia,dedicated,1,13.4,1920,1200,windows,1,131
41,43,hp,HP Victus 15-fa1062TX Gaming Laptop (13th Gen Core i5/ 16GB/ 512GB SSD/ Win11 Home/ 6GB Graph),1065.01,71,intel,core i5,12,16,16,SSD,512,nvidia,dedicated,0,15.6,1920,1080,windows,1,38
42,45,hp,HP Victus 15-fb0150AX Gaming Laptop (AMD Ryzen 5 5600H/ 16GB/ 512GB SSD/ Win11/ 4GB Graph),642.49,71,amd,ryzen 5,6,12,16,SSD,512,amd,dedicated,0,15.6,1920,1080,windows,1,28
43,46,hp,HP Omen 16-xf0060AX Gaming Laptop (AMD Ryzen 7 7840HS/ 16GB/ 1TB SSD/ Win11/ 8GB Graph),1403.11,80,amd,ryzen 7,8,16,16,SSD,1024,nvidia,dedicated,0,16.0,1920,1080,windows,1,72
44,47,hp,HP Victus 15-fa0555TX  Laptop (12th Gen Core i5/ 16GB/ 512GB SSD/ Win11 Home/ 4GB Graph),849.25,71,intel,core i5,8,12,16,SSD,512,nvidia,dedicated,0,15.6,1920,1080,windows,1,38
45,48,dell,Dell G15-5530 GN5530D83M6002ORB1 Gaming Laptop (13th Gen Core i5/ 16GB/ 512GB SSD/ Win11/ 6GB Graph),974.94,71,intel,core i5,10,16,16,SSD,512,nvidia,dedicated,0,15.6,1920,1080,windows,1,80
46,49,msi,MSI Modern 14 C11M-030IN Laptop (11th Gen Core i5/ 8GB/ 512GB SSD/ Win11 Home),431.16,58,intel,core i5,4,8,8,SSD,512,intel,integrated,0,14.0,1920,1080,windows,1,89
47,50,asus,Asus ROG Strix SCAR 16 2023 G634JZ-NM057WS Gaming Laptop (13th Gen Core i9/ 32GB/ 1TB SSD/ Win11 Home/ 12GB Graph),3238.1,83,intel,core i9,24,32,32,SSD,1024,nvidia,dedicated,0,16.0,2560,1600,windows,1,29
48,51,msi,MSI Thin GF63 12VE-071IN Gaming Laptop (12th Gen Core i5/ 16GB/ 512GB SSD/ Win11 Home/6GB Graphics),839.42,70,intel,core i5,8,12,16,SSD,512,nvidia,dedicated,0,15.6,1920,1080,windows,2,7
49,53,dell,Dell Vostro 3425 Laptop (AMD Ryzen 5 5625U/ 8GB/ 512GB SSD/ Win11 Home),475.53,66,amd,ryzen 5,6,12,8,SSD,512,amd,integrated,0,14.0,1920,1080,windows,1,57
50,56,infinix,Infinix INBook Y1 Plus 15 XL28 Laptop (10th Gen Core i5/ 8GB/ 512GB SSD/ Win 11 Home),359.68,54,intel,core i5,4,8,8,SSD,512,intel,integrated,0,15.6,1920,1080,windows,1,74
51,57,acer,Acer Aspire Lite AL15-52 Laptop (12th Gen Core i3/ 8GB/ 512GB SSD/ Win11),395.66,58,intel,core i3,6,8,8,SSD,512,intel,integrated,0,15.6,1920,1080,windows,1,49
52,58,hp,HP Victus 16-s0095AX Gaming Laptop (AMD Ryzen 7 7840HS/ 16GB/ 512GB SSD/ Win11/ 6GB Graph),1002.53,76,amd,ryzen 7,8,16,16,SSD,512,nvidia,dedicated,0,16.1,1920,1080,windows,1,32
53,59,hp,HP Victus 15-FB1001AX Gaming Laptop (AMD Ryzen 5 7535HS/ 8GB/ 512GB SSD/ Win11/ 4GB Graph),653.52,70,amd,ryzen 5,6,12,8,SSD,512,nvidia,dedicated,0,15.6,1920,1080,windows,1,11
54,60,hp,HP 15s-eq2132AU Laptop (AMD Ryzen 5 5500U/ 16GB/ 512GB SSD/ Win11 Home),509.71,63,amd,ryzen 5,6,12,16,SSD,512,amd,integrated,0,15.6,1920,1080,windows,1,121
55,61,infinix,Infinix INBook X3 Slim XL422 2023 Laptop (12th Gen Core i3/ 8GB/ 512GB SSD/ Win 11 Home),335.7,50,intel,core i3,6,8,8,SSD,512,intel,integrated,0,14.0,1920,1080,windows,1,89
56,62,hp,HP Omen 16-u0005TX Gaming Laptop (13th Gen Core i7/ 16GB/ 1TB SSD/ Win11 Home/ 8GB Graph),1774.9,80,intel,core i7,16,24,16,SSD,1024,nvidia,dedicated,0,16.1,2560,1600,windows,1,27
57,63,asus,Asus TUF Gaming F17 FX707ZC4-HX067W Gaming Laptop (12th Gen Core i5/ 16GB/ 512GB SSD/ Win11/ 4GB Graph),888.53,75,intel,core i5,12,16,16,SSD,512,nvidia,dedicated,0,17.3,1920,1080,windows,1,43
58,64,dell,Dell Inspiron 5430 Laptop (13th Gen Core i7/ 16GB/ 1TB SSD/ Win11),1037.31,66,intel,core i7,12,16,16,SSD,1024,intel,integrated,0,14.0,1920,1200,windows,1,5
59,65,asus,Asus Vivobook 15 X1502ZA-EJ741WS Laptop (12th Gen Core i7/ 16GB/ 512GB SSD/ Win11),731.48,67,intel,core i7,10,16,16,SSD,512,intel,integrated,0,15.6,1920,1080,windows,1,31
60,66,lenovo,Lenovo Ideapad Gaming 3 82SB00NXIN Laptop (AMD Ryzen 5 7535HS/ 16GB/ 512GB SSD/ Win11 Home/ 4GB Graph),683.5,69,amd,ryzen 5,6,12,16,SSD,512,nvidia,dedicated,0,15.6,1920,1080,windows,1,114
61,67,dell,Dell Inspiron 5630 Laptop (13th Gen Core i5/ 16GB/ 512GB SSD/ Win11),869.4,70,intel,core i5,12,16,16,SSD,512,intel,integrated,0,16.0,2560,1600,windows,1,52
62,68,asus,Asus VivoBook 14 X415EA-EK344WS Notebook (11th Gen Core i3/ 16GB/ 512GB SSD/ Win11 Home),431.64,64,intel,core i3,2,4,16,SSD,512,intel,integrated,0,14.0,1920,1080,windows,1,46
63,69,asus,Asus TUF Gaming F15 2023 FX507ZV-LP094W Gaming Laptop (12th Gen Core i7/ 16GB/512GB SSD/ Win11 Home/ 8GB Graph),1307.16,78,intel,core i7,14,20,16,SSD,512,nvidia,dedicated,0,15.6,1920,1080,windows,1,30
64,70,asus,Asus TUF Gaming F15 FX506HF-HN025W Gaming Laptop (11th Gen Core i5/ 16GB/ 512GB SSD/ Win11/ 4GB Graph),695.5,72,intel,core i5,6,12,16,SSD,512,nvidia,dedicated,0,15.6,1920,1080,windows,1,3
65,71,hp,HP Victus 15-fa0998TX Gaming Laptop (12th Gen Core i5/ 16GB/ 512GB SSD/ Win11/ 4GB Graph),839.53,72,intel,core i5,8,12,16,SSD,512,nvidia,dedicated,0,15.6,1920,1080,windows,1,38
66,72,hp,HP Victus 15-fa0666TX Gaming Laptop (12th Gen Core i5/ 16GB/ 512GB SSD/ Win11/ 4GB Graph),863.4,65,intel,core i5,8,12,16,SSD,512,nvidia,dedicated,0,15.6,1920,1080,windows,1,38
67,73,apple,Apple MacBook Air 15 2023 Laptop (Apple M2/ 8GB/ 256GB SSD/ MacOS),1439.09,53,apple,m2,8,8,8,SSD,256,apple,apple,0,15.3,2880,1864,mac,1,88
68,74,infinix,Infinix INBook Y1 Plus Neo XL30 Laptop (Intel Celeron N5100/ 8GB/ 512GB SSD/ Win 11 Home),323.7,53,intel,celeron,4,4,8,SSD,512,intel,integrated,0,15.6,1920,1080,windows,1,74
69,75,hp,HP Pavilion x360 14-ek1010TU Laptop (13th Gen Core i5/ 16GB/ 1TB SSD/ Win11),934.27,70,intel,core i5,10,12,16,SSD,1024,intel,integrated,1,14.0,1920,1080,windows,1,5
70,76,primebook,Primebook 4G Android Laptop (MediaTek Kompanio 500/ 4GB/ 64GB eMMC/ Android 11),179.78,26,other,other,8,0,4,HDD,64,arm,integrated,0,11.6,1366,768,android,1,60
71,77,dell,Dell Inspiron 3520 Laptop (12th Gen Core i5/ 8GB/ 512GB SSD/ Win11),599.67,60,intel,core i5,10,12,8,SSD,512,intel,integrated,0,15.6,1920,1080,windows,1,15
72,78,acer,Acer Aspire 5 A515-57G UN.K9TSI.002 Gaming Laptop (12th Gen Core i5/ 16GB/ 512GB SSD/ Win11 Home/ 4GB Graph),683.5,71,intel,core i5,12,16,16,SSD,512,nvidia,dedicated,0,15.6,1920,1080,windows,1,47
73,79,hp,HP Victus 15-fa0070TX Laptop (12th Gen Core i5/ 8GB/ 512GB SSD/ Win11 Home/ 4GB Graph),695.5,70,intel,core i5,8,12,8,SSD,512,nvidia,dedicated,0,15.6,1920,1080,windows,1,19
74,80,hp,HP Victus 16-e0352AX Gaming Laptop (Ryzen 5-5600H/ 8GB/ 512GB SSD/ Win11/ 4GB Graph),599.66,70,amd,ryzen 5,6,12,8,SSD,512,nvidia,dedicated,0,16.1,1920,1080,windows,1,11
75,81,asus,Asus Vivobook S14 OLED S3402ZA-KM501WS Laptop (12th Gen Core i5/ 16GB/ 512GB SSD/ Win11 Home),869.4,62,intel,core i5,12,16,16,SSD,512,intel,integrated,0,14.0,2880,1800,windows,1,13
76,82,asus,Asus Vivobook S15 OLED K3502ZA-L501WS Laptop (12th Gen Core i5/ 16GB/ 512GB SSD/ Win11),835.81,64,intel,core i5,12,16,16,SSD,512,intel,integrated,0,15.6,1920,1080,windows,1,31
77,83,iball,iBall Excelance CompBook Laptop (AQC/ 2GB/ 32GB/Win10),117.54,41,intel,other,4,0,2,HDD,32,intel,integrated,0,11.6,1366,768,windows,1,105
78,84,ultimus,Ultimus Lite NU14U3INC54BN Laptop (Celeron N4020/ 8GB/ 256GB SSD/ Win11 Home),191.77,46,intel,celeron,2,2,8,SSD,256,intel,integrated,0,14.1,1366,768,windows,1,39
79,85,dell,Dell G15-5530 Gaming Laptop (13th Gen Core i5/ 16GB/ 1TB SSD/ Win11/ 6GB Graph),1007.32,72,intel,core i5,10,16,16,SSD,1024,nvidia,dedicated,0,15.6,1920,1080,windows,1,20
80,86,asus,Asus VivoBook 14 X1400EA-EK543WS Notebook (11th Gen Core i5/16GB/ 512GB SSD/ Win11 Home),563.57,57,intel,core i5,4,8,16,SSD,512,intel,integrated,0,14.0,1920,1080,windows,1,46
81,87,hp,HP Pavilion 15-EG2119TU Laptop (12th Gen Core i5/12GB RAM/ 512GB SSD/ Win11),731.48,54,intel,core i5,12,16,12,SSD,512,intel,integrated,0,15.6,1920,1080,windows,1,135
82,88,lenovo,Lenovo IdeaPad Slim 3 82X60013IN Laptop (13th Gen Core i3/ 8GB/ 512GB SSD/ Win11),539.58,51,intel,core i3,5,6,8,SSD,512,intel,integrated,0,15.6,1920,1080,windows,1,82
83,89,lenovo,Lenovo ThinkBook 15 G5 21JF002JIN Laptop (AMD Ryzen 3 7330U/ 8 GB/ 512 GB SSD/ Win11),419.65,66,amd,ryzen 3,4,8,8,SSD,512,amd,integrated,0,15.6,1920,1080,windows,1,14
84,90,hp,HP Victus 15-fa1145TX Gaming Laptop (12th Gen Core i5/ 16GB/ 1TB SSD/ Win11 Home/ 4GB Graph),803.44,72,intel,core i5,8,12,16,SSD,1024,nvidia,dedicated,0,15.6,1920,1080,windows,1,20
85,91,lenovo,Lenovo V15 G4 Laptop (AMD Athlon Silver 7120U/ 8GB/ 512GB SSD/ Win11 Home),293.12,47,amd,other,2,2,8,SSD,512,amd,integrated,0,15.6,1920,1080,windows,1,14
86,92,hp,HP Victus 15-fb1002AX Gaming Laptop (AMD Ryzen 5 7535HS/ 8GB/ 512GB SSD/ Win11/ 4GB Graph),623.54,70,amd,ryzen 5,6,12,8,SSD,512,nvidia,dedicated,0,15.6,1920,1080,windows,1,11
87,93,msi,MSI Thin GF63 11SC-1629IN Gaming Laptop (11th Gen Core i5/ 16GB/ 512GB SSD/ Win11 Home/ 4GB Graph),659.52,65,intel,core i5,6,12,16,SSD,512,nvidia,dedicated,0,15.6,1920,1080,windows,2,7
88,94,ultimus,Ultimus Pro NU14U3INC43BN-CS Laptop (Celeron N4020/ 4GB/ 128GB SSD/ Win11 Home),143.8,41,intel,celeron,2,2,4,SSD,128,intel,integrated,0,14.1,1366,768,windows,1,39
89,95,lenovo,Lenovo ThinkBook 15 G5 21JFA00BIN Laptop (AMD Ryzen 7 7730U/ 8 GB/ 512 GB SSD/ Win11),587.56,70,amd,ryzen 7,8,16,8,SSD,512,amd,integrated,0,15.6,1920,1080,windows,1,132
90,96,msi,MSI Katana 15 B13UDXK-1482IN Gaming Laptop (13th Gen Core i5/ 32GB/ 1TB SSD/ Win11 Home/ 6GB Graph),899.38,75,intel,core i5,12,16,32,SSD,1024,nvidia,dedicated,0,15.6,1920,1080,windows,2,26
91,97,msi,MSI Bravo 15 B7ED-012IN Gaming Laptop (AMD Ryzen 5 7535HS/ 8GB/ 512GB SSD/ Win11 Home/ 4GB Graph),599.55,65,amd,ryzen 5,6,12,8,SSD,512,amd,dedicated,0,15.6,1920,1080,windows,1,11
92,98,asus,Asus Vivobook 15 X1502ZA-EJ544WS Laptop (12th Gen Core i5/ 16GB/ 512GB SSD/ Win11),647.52,63,intel,core i5,12,16,16,SSD,512,intel,integrated,0,15.6,1920,1080,windows,1,31
93,99,asus,Asus Vivobook 16 2023 X1605VA-MB947WS Laptop (13th Gen Core i9/ 16GB/ 512GB SSD/ Win11 Home),979.73,71,intel,core i9,14,20,16,SSD,512,intel,integrated,0,16.0,1920,1200,windows,1,31
94,100,lenovo,Lenovo IdeaPad Gaming 3 82SB00V3IN Laptop (AMD Ryzen 5 6600H/ 16GB/ 512GB SSD/ Win11 Home/ 4GB Graph),766.25,63,amd,ryzen 5,6,12,16,SSD,512,nvidia,dedicated,0,15.6,1920,1080,windows,1,114
95,101,lenovo,Lenovo IdeaPad Slim 3 82RK00VWIN Laptop (12th Gen Core i3/ 8GB/ 512GB SSD/ Win11),444.24,59,intel,core i3,6,8,8,SSD,512,intel,integrated,0,15.6,1920,1080,windows,1,82
96,102,asus,Asus ROG Strix G16 2023 G614JJ-N3086WS Gaming Laptop (13th Gen Core i5/ 16GB/ 512GB SSD/ Win11/ 6GB Graph),1139.25,70,intel,core i5,10,16,16,SSD,512,nvidia,dedicated,0,16.0,1920,1200,windows,1,3
97,103,infinix,Infinix INBook X2 Slim Series XL23 2023 Laptop (11th Gen Core i5/ 16GB/ 1TB SSD/ Win 11 Home),431.64,60,intel,core i5,4,8,16,SSD,1024,intel,integrated,0,14.0,1920,1080,windows,1,44
98,104,asus,Asus Vivobook Pro 15 M6500RC-HN741WS Laptop (AMD Ryzen 7 6800H/ 16GB/ 512GB SSD/ Win11/ 4GB Graph),875.4,70,amd,ryzen 7,8,16,16,SSD,512,nvidia,dedicated,0,15.6,1920,1080,windows,1,85
99,105,hp,HP Victus 15-fb1016AX  Gaming Laptop (AMD Ryzen 5 7535HS/ 8GB/ 512GB SSD/ Win11/ 4GB Graph),671.51,67,amd,ryzen 5,6,12,8,SSD,512,nvidia,dedicated,0,15.6,1920,1080,windows,1,11
100,106,lenovo,Lenovo Yoga 7 82YM0074IN Laptop (AMD Ryzen 7 7735U/ 16GB/ 1TB SSD/ Win11 Home),1139.25,80,amd,ryzen 7,8,16,16,SSD,1024,amd,integrated,1,14.0,2880,1800,windows,1,86
101,107,hp,HP 15S-FQ5202TU Laptop (12th Gen Core i5/ 8 GB RAM/ 512 GB SSD/ Win 11),621.26,57,intel,core i5,10,12,8,SSD,512,intel,integrated,0,15.6,1920,1080,windows,1,135
102,109,hp,HP Victus15-fb0147AX Gaming Laptop (Ryzen 5 5600H/ 8GB/ 512GB SSD/ Win11 Home/ 4GB Graph),596.97,62,amd,ryzen 5,6,12,8,SSD,512,amd,dedicated,0,15.6,1920,1080,windows,1,28
103,110,asus,Asus TUF Gaming F15  FX506HF-HN075W Gaming Laptop (11th Gen Core i5/ 8GB/ 512GB SSD/ Win11/ 4GB Graph),647.52,66,intel,core i5,6,12,8,SSD,512,nvidia,dedicated,0,15.6,1920,1080,windows,1,19
104,112,lenovo,Lenovo LOQ 15IRH8 82XV00F5IN 2023 Gaming Laptop (12th Gen Core i5/ 16GB/ 512GB SSD/ Win11/ 6GB Graph),959.35,70,intel,core i5,8,12,16,SSD,512,nvidia,dedicated,0,15.6,1920,1080,windows,1,111
105,113,msi,MSI Modern 15 B11M-061IN Laptop (11th Gen Core i5/ 16GB/ 512GB SSD/ Win11 Home),503.6,63,intel,core i5,4,8,16,SSD,512,intel,integrated,0,15.6,1920,1080,windows,1,4
106,114,acer,Acer Aspire Lite AL15 Laptop (AMD Ryzen 5 5500U/ 16GB/ 512GB SSD/ Win11),455.63,60,amd,ryzen 5,6,12,16,SSD,512,amd,integrated,0,15.6,1920,1080,windows,1,147
107,115,asus,Asus Vivobook 14X K3405ZFB-KM752WS Laptop (12th Gen Core i7 /16GB/ 1TB SSD/Win11/ 4GB Graphic),1031.31,75,intel,core i7,10,16,16,SSD,1024,nvidia,dedicated,0,14.0,2880,1800,windows,1,129
108,116,acer,Acer Aspire Lite 2023 AL15-51 Laptop (11th Gen Core i5/ 8GB/ 512GB SSD/ Win11),473.73,62,intel,core i5,4,8,8,SSD,512,intel,integrated,0,15.6,1920,1080,windows,1,49
109,117,infinix,Infinix Zerobook 13 ZL513 2023 Laptop (13th Gen Core i7/ 32GB/ 1TB SSD/ Win 11 Home),695.5,63,intel,core i7,14,20,32,SSD,1024,intel,integrated,0,15.6,1920,1080,windows,1,83
110,118,asus,Asus Vivobook 14X K3405ZFB-KM541WS Laptop (12th Gen Core i5 /16GB/512GB SSD/Win11),815.43,72,intel,core i5,8,12,16,SSD,512,nvidia,dedicated,0,14.0,2880,1800,windows,1,129
111,119,acer,Acer Nitro 5 AN515-58 NH.QLZSI.001 Gaming Laptop (12th Gen Core i7/ 16GB/ 512GB SSD/ Win11/ 6GB Graph),1139.25,72,intel,core i7,10,16,16,SSD,512,nvidia,dedicated,0,15.6,1920,1080,windows,1,47
112,120,asus,Asus TUF Gaming F15 2022 FX507ZC4-HN115W Gaming Laptop (12th Gen Core i5/ 8GB/512GB SSD/ Win11 / 4GB Graph),902.5,72,intel,core i5,12,16,8,SSD,512,nvidia,dedicated,0,15.6,1920,1080,windows,1,122
113,121,acer,Acer Aspire 7 A715-76G NH.QMESI.002 Gaming Laptop (12th Gen Core i5/ 8GB/ 512GB SSD/ Win11 Home/ 4GB Graph),575.56,67,intel,core i5,8,12,8,SSD,512,nvidia,dedicated,0,15.6,1920,1080,windows,1,130
114,122,asus,Asus Zenbook 14X OLED 2023 M5401QA-KM541WS Laptop (Ryzen 5 5600H / 16GB/ 512GB SSD/ Win11 Home),803.44,64,amd,ryzen 5,6,12,16,SSD,512,amd,integrated,0,14.0,2880,1800,windows,1,115
115,123,hp,HP Pavilion 15-eh2050AU Laptop (AMD Ryzen 5 5625U/ 8GB/ 512GB SSD/ Win11 Home),524.11,62,amd,ryzen 5,6,12,8,SSD,512,amd,integrated,0,15.6,1920,1080,windows,1,64
116,124,asus,Asus Vivobook Pro 16 OLED 2023 K6602VU-LZ952WS Laptop (13th Gen Core i9/ 16GB/ 1TB SSD/ Win11/ 6GB Graph),1858.86,88,intel,core i9,14,20,16,SSD,1024,nvidia,dedicated,0,16.0,3200,2000,windows,1,99
117,125,acer,Acer Predator Helios Neo 16 PHN16-71 Laptop (13th Gen Core i7/ 16GB/ 512GB SSD/ Win11/ 6GB Graph),1439.09,75,intel,core i7,16,24,16,SSD,512,nvidia,dedicated,0,16.0,1920,1200,windows,1,30
118,126,acer,Acer Predator Helios Neo 16 NH.QLTSI.001 Laptop (13th Gen Core i5/ 16GB/ 512GB SSD/ Win11/ 6GB Graph),1259.19,70,intel,core i5,14,20,16,SSD,512,nvidia,dedicated,0,16.0,1920,1200,windows,1,30
119,127,hp,HP 250 G8 7M6L7PA Laptop (11th Gen Core i3/ 8GB/ 1TB 256GB SSD/ Win11),418.45,58,intel,core i3,2,4,8,HDD,1024,intel,integrated,0,15.6,1366,768,windows,1,16
120,128,hp,HP 15-fc0025AU Laptop (AMD Ryzen 3 7320U/ 8GB/ 512GB SSD/ Win11 Home),389.67,54,amd,ryzen 3,4,8,8,SSD,512,amd,integrated,0,15.6,1920,1080,windows,1,139
121,129,hp,HP 15-fc0028AU Laptop (AMD Ryzen 5 7520U/ 8GB/ 512GB SSD/ Win11 Home),520.51,52,amd,ryzen 5,4,8,8,SSD,512,amd,integrated,0,15.6,1920,1080,windows,1,139
122,130,lenovo,Lenovo Thinkbook 15 21DJA049IH Laptop (12th Gen Core i5/ 8GB/ 512GB SSD/ Win11 Home),491.61,66,intel,core i5,10,12,8,SSD,512,intel,integrated,0,15.6,1920,1080,windows,1,146
123,131,acer,Acer Extensa 15 EX215-33 2023 Laptop (Intel Core i3 N305/ 8GB/ 512GB SSD/ Win11 Home),371.68,49,intel,core i3,8,8,8,SSD,512,intel,integrated,0,15.6,1920,1080,windows,1,137
124,132,lenovo,Lenovo IdeaPad Slim 3 82KU0238IN Laptop (AMD Ryzen 5 5500U/ 16GB/ 512GB SSD/ Win11 Home),491.61,64,amd,ryzen 5,6,12,16,SSD,512,amd,integrated,0,15.6,1920,1080,windows,1,132
125,133,hp,HP 15s-fq2717TU Laptop (11th Gen Core i3/ 8GB/ 512GB SSD/ Win11 Home),372.87,60,intel,core i3,2,4,8,SSD,512,intel,integrated,0,15.6,1920,1080,windows,1,73
126,134,dell,Dell G15-5520 Gaming Laptop (12th Gen Core i5/ 8GB/ 512GB SSD/ Win11/ 4GB Graph),827.42,74,intel,core i5,12,16,8,SSD,512,nvidia,dedicated,0,15.6,1920,1080,windows,1,122
127,135,asus,Asus ROG Flow X13 GV301RC-LJ073WS Gaming Laptop (AMD Ryzen 9 6900HS/ 16GB/ 1TB SSD/ Win11 Home/ 4GB Graph),1156.03,79,amd,ryzen 9,8,16,16,SSD,1024,nvidia,dedicated,1,13.4,1920,1200,windows,1,131
128,136,asus,Asus VivoBook 15 X515EA-EJ522WS Laptop (11th Gen Core i5/ 8GB/ 512GB SSD/ Win11),527.59,60,intel,core i5,4,8,8,SSD,512,intel,integrated,0,15.6,1920,1080,windows,1,93
129,137,lenovo,Lenovo IdeaPad Gaming 3 82K10198IN Laptop (11th Gen Core i5/ 8GB/ 512GB SSD/ Win11 Home/ 4GB Graph),547.51,67,intel,core i5,4,8,8,SSD,512,nvidia,dedicated,0,15.6,1920,1080,windows,1,148
130,138,asus,Asus Vivobook 16X 2022 M1603QA-MB511WS Laptop (Ryzen 5-5600H/ 16GB/ 512GB SSD/ Win11 Home),635.53,65,amd,ryzen 5,6,12,16,SSD,512,amd,integrated,0,16.0,1920,1200,windows,1,37
131,139,acer,Acer TravelMate TMP214-53 Business Laptop (11th Gen Core i5/ 16GB/ 512GB SSD/ Win11 Home),467.62,64,intel,core i5,4,8,16,SSD,512,intel,integrated,0,14.0,1920,1080,windows,1,46
132,140,asus,Asus Vivobook 15 Touch X515EA-EZ311WS Laptop (11th Gen Core i3/ 8GB/ 512GB SSD/ Win11 Home),401.66,56,intel,core i3,2,4,8,SSD,512,intel,integrated,1,15.6,1920,1080,windows,1,74
133,141,apple,Apple MacBook Pro 2022 Laptop (Apple M2/ 8GB/ 256GB SSD/ macOS),1319.15,43,apple,m2,8,8,8,SSD,256,apple,apple,0,13.3,2560,1600,mac,1,113
134,142,asus,Asus Vivobook S15 OLED K3502ZA-L701WS Laptop (12th Gen Core i7/ 16GB/ 512GB SSD/ Win11),875.4,70,intel,core i7,14,20,16,SSD,512,intel,integrated,0,15.6,1920,1080,windows,1,31
135,143,hp,HP 15s-eq2144au Laptop (Ryzen 5 5500U/ 8GB/ 512GB SSD/ Win11 Home),485.72,60,amd,ryzen 5,6,12,8,SSD,512,amd,integrated,0,15.6,1920,1080,windows,1,64
136,144,hp,HP Spectre x360 16-aa0665TU Laptop (Intel Core Ultra 7/ 32GB/ 2TB SSD/ Win11 Home),2426.74,82,intel,core ultra 7,16,22,32,SSD,2048,intel,dedicated,1,16.0,2880,1800,windows,1,1
137,145,lenovo,Lenovo V15 G4 82YU00W9IN Laptop (Ryzen 5 7520U/ 8GB/ 512GB SSD/ Win11 Home),431.64,60,amd,ryzen 5,4,8,8,SSD,512,amd,integrated,0,15.6,1920,1080,windows,1,14
138,147,lenovo,Lenovo IdeaPad Slim 3 82H803HQIN Laptop (11th Gen Core i5/ 8GB/ 512GB SSD/ Win11),539.58,64,intel,core i5,4,8,8,SSD,512,intel,integrated,0,15.6,1920,1080,windows,1,82
139,150,dell,Dell 5530 G15 Gaming Laptop (13th Gen Core i9/ 16GB/ 1TB SSD/ Win11/ 8GB Graph),1780.9,78,intel,core i9,24,32,16,SSD,1024,nvidia,dedicated,0,15.6,1920,1080,windows,1,104
140,151,hp,HP Spectre x360 14-eu0666TU Laptop (Intel Core Ultra 7/ 32GB/ 1TB SSD/ Win11 Home),1989.7,76,intel,core ultra 7,16,22,32,SSD,1024,intel,dedicated,1,14.0,2880,1800,windows,1,6
141,152,apple,Apple MacBook Pro 16 2023 Laptop (Apple M3 Pro/ 36GB/ 512GB SSD/ macOS),3476.88,63,apple,m3,12,12,36,SSD,512,apple,apple,0,16.2,3456,2234,mac,1,101
142,153,apple,Apple MacBook Pro 16 2023 Laptop (Apple M3 Max/ 36GB/ 1TB SSD/ macOS),4196.49,64,apple,m3,14,14,36,SSD,1024,apple,apple,0,16.2,3456,2234,mac,1,101
143,154,apple,Apple MacBook Pro 16 2023 Laptop (Apple M3 Pro/ 18GB/ 512GB SSD/ macOS),2997.15,58,apple,m3,12,12,8,SSD,512,apple,apple,0,16.2,3456,2234,mac,1,103
144,155,apple,Apple MacBook Pro 14 2023 Laptop (Apple M3 Pro/ 18GB/ 512GB SSD/ macOS),2397.48,56,apple,m3,11,11,8,SSD,512,apple,apple,0,14.2,3024,1964,mac,1,88
145,156,lenovo,Lenovo Legion Pro 5 16IRX8 82WK00MWIN Gaming Laptop (13th Gen Core i7/ 16GB/ 1TB SSD/ Win11/ 8GB Graph),1834.87,77,intel,core i7,16,24,16,SSD,1024,nvidia,dedicated,0,16.0,2560,1600,windows,1,27
146,157,dell,Dell Inspiron 3520 IN3520P9K46002ORS1 Laptop (12th Gen Core i3/ 8GB/ 512GB SSD/ Win11),455.63,59,intel,core i3,6,8,8,SSD,512,intel,integrated,0,15.6,1920,1080,windows,1,91
147,158,hp,HP Victus 15-FA1098TX Laptop (12th Gen Core i5/ 8GB/ 512GB SSD/ Win11 Home/ 4GB Graph),731.48,64,intel,core i5,8,12,8,SSD,512,nvidia,dedicated,0,15.6,1920,1080,windows,1,19
148,159,hp,HP 15s-er2004AU Laptop (AMD Ryzen 7 5700U/ 16GB/ 512GB SSD/ Win11),611.65,58,amd,ryzen 7,8,16,16,SSD,512,amd,integrated,0,15.6,1920,1080,windows,1,121
149,160,dell,Dell Inspiron 3530 IN3530RMD8W001ORS1 Laptop (13th Gen Core i5/ 16GB/ 1TB SSD/ Win11 Home),791.44,53,intel,core i5,10,12,16,SSD,1024,intel,integrated,0,15.6,1920,1080,windows,1,42
150,161,acer,Acer Aspire 3 A315-24P NX.KDESI.00B Laptop (AMD Ryzen 5 7520U/ 8GB/ 512GB SSD/ Win11 Home),395.66,54,amd,ryzen 5,4,8,8,SSD,512,amd,integrated,0,15.6,1920,1080,windows,1,136
151,162,asus,Asus Vivobook 16 2023 X1605ZAB-MB342WS Laptop (12th Gen Core i3/ 16GB/ 512GB SSD/ Win11 Home),575.56,62,intel,core i3,6,8,16,SSD,512,intel,integrated,0,16.0,1920,1200,windows,1,4
152,163,lenovo,Lenovo Legion Slim 5 82Y9009JIN Gaming Laptop (AMD Ryzen 7 7840HS/ 16GB/ 1TB SSD/ Win11/ 8GB Graph),1585.41,83,amd,ryzen 7,8,16,16,SSD,1024,nvidia,dedicated,0,16.0,2560,1600,windows,1,17
153,164,ultimus,Ultimus Lite NU14U4INC44BN-CS Laptop (Celeron N4020/ 4GB/ 256GB SSD/ Win11 Home),179.78,45,intel,celeron,2,2,4,SSD,256,intel,integrated,0,14.1,1366,768,windows,1,39
154,165,zebronics,Zebronics Pro Series Z ZEB-NBC 3S 2023 Laptop (12th Gen Core i3 / 8GB/ 512GB SSD/ Win11 Home),407.66,65,intel,core i3,6,8,8,SSD,512,intel,integrated,0,15.6,1920,1080,windows,1,49
155,166,hp,HP Spectre x360 14-eu0556TU Laptop (Intel Core Ultra 7/ 32GB/ 1TB SSD/ Win11 Home),1989.7,76,intel,core ultra 7,16,22,32,SSD,1024,intel,dedicated,1,14.0,2880,1800,windows,1,6
156,167,hp,HP 15s-fq5185TU Laptop (12th Gen Core i3/ 8GB/ 512GB SSD/ Win11 Home),476.14,59,intel,core i3,6,8,8,SSD,512,intel,integrated,0,15.6,1920,1080,windows,1,95
157,168,zebronics,Zebronics Pro Series Y ZEB-NBC 2S Laptop (11th Gen Core i5 / 16GB/ 512GB SSD/ Win11 Home),395.66,63,intel,core i5,4,8,16,SSD,512,intel,integrated,0,15.6,1920,1080,windows,1,4
158,169,zebronics,Zebronics ZEB-NBC 5S 2023 Laptop (12th Gen Core i7 / 16GB/ 1TB SSD/ Win11 Home),635.53,72,intel,core i7,10,12,16,SSD,1024,intel,integrated,0,15.6,1920,1080,windows,1,25
159,170,zebronics,Zebronics Pro Series Y ZEB-NBC 1S Laptop (11th Gen Core i3 / 8GB/ 512GB SSD/ Win11 Home),359.68,56,intel,core i3,4,8,8,SSD,512,intel,integrated,0,15.6,1920,1080,windows,1,49
160,171,hp,HP Pavilion 14-dv2153TU Laptop (12th Gen Core i5/ 16GB/ 1TB SSD/ Win 11),824.07,67,intel,core i5,10,12,16,SSD,1024,intel,integrated,0,14.0,1920,1080,windows,1,5
161,172,lenovo,Lenovo IdeaPad Gaming 3 82SB00V2IN Laptop (AMD Ryzen 5 6600H/ 8GB/ 512GB SSD/ Win11 Home/ 4GB Graph),740.14,60,amd,ryzen 5,6,12,8,SSD,512,nvidia,dedicated,0,15.6,1920,1080,windows,1,50
162,173,asus,Asus ROG Strix G15 G513RC-HN251WS Gaming Laptop (AMD Ryzen 7 6800H/ 16GB/ 1TB SSD/ Win11/ 4GB Graph),1103.27,71,amd,ryzen 7,8,16,16,SSD,1024,nvidia,dedicated,0,15.6,1920,1080,windows,1,96
163,174,hp,HP Victus 15-fa1132TX Laptop (12th Gen Core i5/ 8GB/ 512GB SSD/ Win11 Home/ 4GB Graph),731.48,66,intel,core i5,8,12,8,SSD,512,nvidia,dedicated,0,15.6,1920,1080,windows,1,19
164,175,chuwi,Chuwi FreeBook Laptop (12th Gen Core i3/ 12GB/ 512GB SSD/ Win11),395.66,50,intel,core i3,6,8,12,SSD,512,intel,integrated,1,13.5,2256,1504,windows,1,109
165,176,acer,Acer Swift Go NXKPZSI002 Laptop (13th Gen Core i5/ 16GB/ 512GB SSD/ Win11 Home),875.4,64,intel,core i5,12,16,16,SSD,512,intel,integrated,0,14.0,2880,1800,windows,1,13
166,177,hp,HP 255 G9 841W6PA Laptop (AMD Ryzen 3 3250U/ 8 GB RAM/ 512 GB SSD/ FreeDOS),287.83,49,amd,ryzen 3,2,4,8,SSD,512,amd,integrated,0,15.6,1366,768,dos,1,35
167,178,gigabyte,Gigabyte G5 MF-F2IN313SH Laptop (12th Gen Core i5/ 16GB/ 512GB SSD/ Win11 Home/ 6GB Graph),863.4,67,intel,core i5,8,12,16,SSD,512,nvidia,dedicated,0,15.6,1920,1080,windows,2,47
168,179,asus,Asus Zenbook Flip 14 OLED UP5401ZA-KU541WS Laptop (12th Gen Core i5/ 16GB/ 512GB SSD/ Win11 Home),1019.32,69,intel,core i5,12,16,16,SSD,512,intel,integrated,1,14.0,3840,2400,windows,1,100
169,180,asus,Asus Chromebook CX1500CKA-EJ0241 Laptop (Celeron N4500/ 4GB/ 64GB eMMC/ Chrome OS),215.76,35,intel,celeron,2,2,4,SSD,64,intel,integrated,0,15.6,1920,1080,chrome,1,2
170,181,lenovo,Lenovo IdeaPad 1 15IGL7 82V700BSIN Laptop (Celeron N4020/ 8GB/ 256GB SSD/ Win11 Home),309.31,50,intel,celeron,2,2,8,SSD,256,intel,integrated,0,15.6,1366,768,windows,1,39
171,182,hp,HP 255 G8 7J035AA Laptop (Ryzen 5-5500U/ 8GB/ 256GB SSD/ Win11),383.78,56,amd,ryzen 5,6,12,8,SSD,256,amd,integrated,0,15.6,1920,1080,windows,1,64
172,183,acer,Acer Predator Helios Neo 16 2023 PHN16-71 Gaming Laptop (13th Gen Core i9/ 16GB/ 1TB SSD/ Win11/ 8GB Graph),2158.69,78,intel,core i9,24,32,16,SSD,1024,nvidia,dedicated,0,16.0,1920,1200,windows,1,104
173,184,asus,Asus TUF Gaming F15 FX506HE-HN382W Gaming Laptop (11th Gen Core i7/ 16GB/ 512GB SSD/ Win11/ 4GB Graph),875.4,71,intel,core i7,8,16,16,SSD,512,nvidia,dedicated,0,15.6,1920,1080,windows,1,3
174,185,hp,HP Victus 15-fa0187TX Gaming Laptop (12th Gen Core i7/ 16GB/ 1TB SSD/ Win11/ 4GB Graph),1112.99,76,intel,core i7,10,16,16,SSD,1024,nvidia,dedicated,0,15.6,1920,1080,windows,1,20
175,186,lenovo,Lenovo IdeaPad 3 82KU024JIN Laptop (AMD Ryzen 7 5700U/ 16GB/ 512GB SSD/ Win11 Home),587.56,64,amd,ryzen 7,8,16,16,SSD,512,amd,integrated,0,15.6,1920,1080,windows,1,132
176,187,msi,MSI Modern 14 C12M-459IN Laptop (12th Gen Core i7/ 16GB/ 512GB SSD/ Win11 Home),659.52,60,intel,core i7,10,12,16,SSD,512,intel,integrated,0,14.0,1920,1080,windows,1,53
177,188,wings,Wings Nuvobook Pro Laptop (11th Gen Core i7/ 16GB/ 512GB SSD/ Win11),479.62,58,intel,core i7,4,8,16,SSD,512,intel,integrated,0,14.0,1080,1920,windows,1,8
178,189,wings,Wings Nuvobook S1 Laptop (11th Gen Core i3/ 8GB/ 256GB SSD/ Win11),299.71,49,intel,core i3,4,8,8,SSD,256,intel,integrated,0,15.6,1080,1920,windows,1,8
179,190,msi,MSI Thin GF63 11UCX-1492IN Gaming Laptop (11th Gen Core i5/ 16GB/ 1TB 256GB SSD/ Win11 Home/ 4GB Graph),743.47,73,intel,core i5,6,12,16,HDD,1024,nvidia,dedicated,0,15.6,1920,1080,windows,1,21
180,191,infinix,Infinix INBook X3 Slim XL422 Laptop (12th Gen Core i5/ 16GB/ 512GB SSD/ Win 11 Home),467.62,56,intel,core i5,10,12,16,SSD,512,intel,integrated,0,14.0,1920,1080,windows,1,53
181,192,hp,HP Pavilion 15-eg3017TU Laptop (13th Gen Core i5/ 16GB/ 1TB SSD/ Win11 Home),875.51,63,intel,core i5,10,12,16,SSD,1024,intel,integrated,0,15.6,1920,1080,windows,1,25
182,193,msi,MSI Thin GF63 11SC-1494IN Gaming Laptop (11th Gen Core i5/ 8GB/ 512GB SSD/ Win11 Home/ 4GB Graph),635.53,65,intel,core i5,6,12,8,SSD,512,nvidia,dedicated,0,15.6,1920,1080,windows,2,19
183,194,msi,MSI Thin GF63 11UC-1490IN Gaming Laptop (11th Gen Core i5/ 16GB/ 1TB 256GB SSD/ Win11 Home/ 4GB Graph),755.46,73,intel,core i5,6,12,16,HDD,1024,nvidia,dedicated,0,15.6,1920,1080,windows,1,21
184,195,hp,HP Victus 16-s0089AX Gaming Laptop (AMD Ryzen 7 7840HS/ 16GB/ 1TB SSD/ Win11/ 4GB Graph),1044.5,76,amd,ryzen 7,8,16,16,SSD,1024,nvidia,dedicated,0,16.1,1920,1080,windows,1,72
185,196,lenovo,Lenovo IdeaPad Slim 5i 82XF003CIN Laptop (13th Gen Core i5/ 16GB/ 512GB SSD/ Win11),846.61,62,intel,core i5,12,16,16,SSD,512,intel,integrated,0,16.0,1920,1200,windows,1,128
186,197,lenovo,Lenovo LOQ 15IRH8 82XV00F4IN 2023 Gaming Laptop (12th Gen Core i5/ 16GB/ 512GB SSD/ Win11/ 4GB Graph),803.44,69,intel,core i5,8,12,16,SSD,512,nvidia,dedicated,0,15.6,1920,1080,windows,1,111
187,198,lenovo,Lenovo LOQ 15IRH8 82XV00BRIN 2023 Gaming Laptop (13th Gen Core i7/ 16GB/ 512GB SSD/ Win11/ 8GB Graph),1379.12,63,intel,core i7,10,16,16,SSD,512,nvidia,dedicated,0,15.6,1920,1080,windows,1,111
188,199,lenovo,Lenovo LOQ 15IRH8 82XV00BQIN 2023 Gaming Laptop (13th Gen Core i7/ 16GB/ 512GB SSD/ Win11/ 6GB Graph),1199.22,67,intel,core i7,10,16,16,SSD,512,nvidia,dedicated,0,15.6,1920,1080,windows,1,111
189,200,hp,HP 240 G8 689U2PA Business Laptop (11th Gen Core i3/ 8GB/ 512 GB SSD/ Win11),419.65,63,intel,core i3,2,4,8,SSD,512,intel,integrated,0,14.0,1366,768,windows,1,127
190,201,hp,HP Victus 16-D0314TX Gaming Laptop (11th Gen Core i5/ 16GB/ 512GB SSD/ Win11/ 4GB Graph),773.57,75,intel,core i5,6,12,16,SSD,512,nvidia,dedicated,0,16.1,1920,1080,windows,1,38
191,202,hp,HP Omen 16-wf1026TX Gaming Laptop (14th Gen Core i7/ 16GB/ 1TB SSD/ Win11 Home/ 8GB Graph),2116.82,85,intel,core i7,20,28,16,SSD,1024,nvidia,dedicated,0,16.1,2560,1440,windows,1,24
192,203,jio,Jio JioBook NB1112MM BLU 2023 Netbook Laptop (Octa Core/ 4GB/ 64GB eMMC/ JioOS),176.31,24,other,other,8,0,4,HDD,64,arm,integrated,0,11.6,1366,768,other,1,60
193,204,asus,Asus Zenbook 14X OLED 2023 UX5401ZA-KM541WS Laptop (12th Gen Core i5/ 16GB/ 512GB SSD/ Win11 Home),899.38,65,intel,core i5,12,16,16,SSD,512,intel,integrated,0,14.0,2880,1800,windows,1,13
194,205,asus,Asus Vivobook 16X 2023 K3605ZV-MB741WS Laptop (12th Gen Core i7/ 16GB/ 512GB SSD/ Win11 Home/ 8GB Graph),1259.19,76,intel,core i7,10,16,16,SSD,512,nvidia,dedicated,0,16.0,1920,1200,windows,1,3
195,206,hp,HP Omen 16-wd0880TX Gaming Laptop (13th Gen Core i5/ 16GB/ 512GB SSD/ Win11 Home/ 6GB Graph),1139.25,70,intel,core i5,8,12,16,SSD,512,nvidia,dedicated,0,16.1,2560,1440,windows,1,133
196,207,dell,Dell G15-5520 2023 Laptop (12th Gen Core i5/ 16GB/ 1TB SSD/ Win11 Home/ 4GB Graph),929.37,73,intel,core i5,12,16,16,SSD,1024,nvidia,dedicated,0,15.6,1920,1080,windows,1,20
197,208,chuwi,Chuwi CoreBook X Laptop (10th Gen Core i3/ 8GB/ 512GB SSD/ Win11),299.71,50,intel,core i3,2,4,8,SSD,512,intel,integrated,0,14.0,1920,1200,windows,1,89
198,209,msi,MSI Modern 14 C11M-029IN Laptop (11th Gen Core i5/ 16GB/ 512GB SSD/ Win11 Home),479.62,62,intel,core i5,4,8,16,SSD,512,intel,integrated,0,14.0,1920,1080,windows,1,46
199,210,hp,HP 15s-ey2001AU Laptop (AMD Ryzen 7 5700U/ 16GB/ 512GB SSD/ Win11 Home),671.51,63,amd,ryzen 7,8,16,16,SSD,512,amd,integrated,0,15.6,1920,1080,windows,1,121
200,211,infinix,Infinix Zerobook ZL513 2023 Laptop (13th Gen Core i5/ 16GB/ 512GB SSD/ Win 11 Home),587.56,57,intel,core i5,12,16,16,SSD,512,intel,integrated,0,15.6,1920,1080,windows,1,107
201,212,dell,Dell Inspiron 3525 Laptop (AMD Ryzen 5 5500U/ 8GB/ 512GB SSD/ Win11),470.62,63,amd,ryzen 5,6,12,8,SSD,512,amd,integrated,0,15.6,1920,1080,windows,1,102
202,213,asus,Asus Vivobook 16X 2023 K3605ZU-MB741WS Laptop (12th Gen Core i7/ 16GB/ 512GB SSD/ Win11 Home/ 6GB Graph),1080.12,77,intel,core i7,10,16,16,SSD,512,nvidia,dedicated,0,16.0,1920,1200,windows,1,3
203,214,asus,Asus TUF Gaming F15 2022 FX507ZC4-HN116W Gaming Laptop (12th Gen Core i5/ 16GB/512GB SSD/ Win11 / 4GB Graph),1029.03,76,intel,core i5,12,16,16,SSD,512,nvidia,dedicated,0,15.6,1920,1080,windows,1,3
204,215,asus,Asus Vivobook 16X 2023 K3605ZF-MBN524WS Laptop (12th Gen Core i5/ 8GB/ 512GB SSD/ Win11 Home/ 4GB Graph),695.5,70,intel,core i5,8,12,8,SSD,512,nvidia,dedicated,0,16.0,1920,1200,windows,1,19
205,216,asus,Asus Vivobook 15 X1502ZA-EJ541WS Laptop (12th Gen Core i5/ 16GB/ 512GB SSD/ Win11),731.48,66,intel,core i5,12,16,16,SSD,512,intel,integrated,0,15.6,1920,1080,windows,1,31
206,217,hp,HP Pavilion 15-eg3079TU Laptop (13th Gen Core i5/ 16GB/ 512GB SSD/ Win11 Pro),875.76,66,intel,core i5,12,16,16,SSD,512,intel,integrated,0,15.6,1920,1080,windows,1,84
207,218,msi,MSI Modern 14 C12M-671IN Laptop (12th Gen Core i7/ 16GB/ 512GB SSD/ Win11 Home),647.52,65,intel,core i7,10,12,16,SSD,512,intel,integrated,0,14.0,1920,1080,windows,1,53
208,219,msi,MSI Thin GF63 11UC-1474IN Gaming Laptop (11th Gen Core i5/ 16GB/ 512GB SSD/ Win11 Home/ 4GB Graph),683.5,72,intel,core i5,6,12,16,SSD,512,nvidia,dedicated,0,15.6,1920,1080,windows,2,7
209,220,lenovo,Lenovo V15 G3 IAP 82TTA00UIH Laptop (12th Gen Core i3/ 8GB/ 512GB SSD/ DOS),395.54,53,intel,core i3,6,8,8,SSD,512,intel,integrated,0,15.6,1920,1080,dos,1,75
210,221,msi,MSI Modern 14 C12M-444IN Laptop (12th Gen Core i3/ 16GB/ 512GB SSD/ Win11 Home),443.64,62,intel,core i3,6,8,16,SSD,512,intel,integrated,0,14.0,1920,1080,windows,1,46
211,222,asus,Asus Vivobook Pro 15 M6500QF-HN521WS Laptop (Ryzen 5 5600HS/ 8GB/ 512GB SSD/ Win11/ 4GB Graph),719.48,60,amd,ryzen 5,6,12,8,SSD,512,nvidia,dedicated,0,15.6,1920,1080,windows,1,11
212,223,asus,Asus VivoBook 14 X415EA-EK326WS Notebook (11th Gen Core i3/ 8GB/ 512GB SSD/ Win11 Home),383.67,59,intel,core i3,2,4,8,SSD,512,intel,integrated,0,14.0,1920,1080,windows,1,89
213,224,apple,Apple MacBook Air 15 2023 Laptop (Apple M2/ 8GB/ 512GB SSD/ MacOS),1738.92,56,apple,m2,8,8,8,SSD,512,apple,apple,0,15.3,2880,1864,mac,1,88
214,225,infinix,Infinix INBook X2 Slim Series Laptop (11th Gen Core i3/ 8GB/ 512GB SSD/ Win 11 Home),311.71,57,intel,core i3,2,4,8,SSD,512,intel,integrated,0,14.0,1920,1080,windows,1,89
215,226,acer,Acer Aspire 3 A315-59 NX.K6TSI.00C Laptop (12th Gen Core i3/ 8GB/ 512GB SSD/ Win11),383.67,57,intel,core i3,6,8,8,SSD,512,intel,integrated,0,15.6,1920,1080,windows,1,49
216,227,dell,Dell Inspiron 3520 D560872WIN9S Laptop (12th Gen Core i5/ 16GB/ 512GB SSD/ Win11),687.22,62,intel,core i5,10,12,16,SSD,512,intel,integrated,0,15.6,1920,1080,windows,1,107
217,228,acer,Acer One 14 Z8-415UN.599SI.009 Laptop (11th Gen Core i3 / 8GB/ 256GB SSD/ Win11 Home),359.68,59,intel,core i3,2,4,8,SSD,256,intel,integrated,0,14.0,1920,1080,windows,1,89
218,229,hp,HP Victus 15-fb0131AX Gaming Laptop (AMD Ryzen 5 5600H/ 8GB/ 512GB SSD/ Win11/ 4GB Graph),599.55,65,amd,ryzen 5,6,12,8,SSD,512,amd,dedicated,0,15.6,1920,1080,windows,1,28
219,230,asus,Asus Vivobook 15 X1502ZA-EJ542WS Laptop (12th Gen Core i5/ 16GB/ 512GB SSD/ Win11),677.63,64,intel,core i5,12,16,16,SSD,512,intel,integrated,0,15.6,1920,1080,windows,1,31
220,231,asus,Asus Vivobook 15 M1502QA-EJ742WS Laptop (Ryzen 7 5800H/ 16GB/ 512GB SSD/ Win11),683.5,58,amd,ryzen 7,8,16,16,SSD,512,amd,integrated,0,15.6,1920,1080,windows,1,37
221,232,acer,Acer Aspire 7 A715-76G NH.QMFSI.004 Gaming Laptop (12th Gen Core i5/ 16GB/ 512GB SSD/ Win11 Home/ 4GB Graph),731.48,70,intel,core i5,8,12,16,SSD,512,nvidia,dedicated,0,15.6,1920,1080,windows,1,47
222,233,acer,Acer Aspire 5 14 A514-56GM 2023 Gaming Laptop (13th Gen Core i5/ 16GB/ 512GB SSD/ Win11 Home/ 4GB Graph),683.5,67,intel,core i5,10,12,16,SSD,512,nvidia,dedicated,0,14.0,1920,1080,windows,1,97
223,234,asus,ASUS TUF Gaming A16 Advantage Edition FA617XS-N3025WS Gaming Laptop (AMD Ryzen 9 7940HS / 16GB/ 1TB SSD/ Win11 Home/ 8GB Graph),1439.09,80,amd,ryzen 9,8,16,16,SSD,1024,amd,dedicated,0,15.6,1920,1200,windows,1,23
224,235,asus,Asus ROG Strix G16 2023 G614JV-N4141WS Gaming Laptop (13th Gen Core i9/ 16GB/ 1TB SSD/ Win11/ 8GB Graph),2158.69,77,intel,core i9,24,32,16,SSD,1024,nvidia,dedicated,0,16.0,2560,1600,windows,1,78
225,236,asus,Asus ROG Strix G16 2023 G614JI-N4151WS Gaming Laptop (13th Gen Core i9/ 16GB/ 1TB SSD/ Win11/ 8GB Graph),2278.62,79,intel,core i9,24,32,16,SSD,1024,nvidia,dedicated,0,16.0,2560,1600,windows,1,78
226,237,asus,Asus ROG Strix G16 2023 G614JU-N3200WS Gaming Laptop (13th Gen Core i7/ 16GB/ 1TB SSD/ Win11/ 6GB Graph),1457.07,78,intel,core i7,14,20,16,SSD,1024,nvidia,dedicated,0,16.0,1920,1200,windows,1,10
227,238,asus,Asus Vivobook 15 X1502ZA-EJ532WS Laptop (12th Gen Core i5/ 8GB/ 512GB SSD/ Win11),573.64,64,intel,core i5,10,12,8,SSD,512,intel,integrated,0,15.6,1920,1080,windows,1,15
228,239,hp,HP 15s-fr4001TU Laptop (11th Gen Core i5/16GB/ 512GB SSD/ Win11 Home),629.53,65,intel,core i5,4,8,16,SSD,512,intel,integrated,0,15.6,1920,1080,windows,1,4
229,240,msi,MSI Katana 15 B12UDXK-1005IN Gaming Laptop (12th Gen Core i5/ 16GB/ 512GB SSD/ Win11 Home/ 6GB Graph),815.43,73,intel,core i5,8,12,16,SSD,512,nvidia,dedicated,0,15.6,1920,1080,windows,2,7
230,241,hp,HP 15s-fr5009TU Laptop (12th Gen Core i3/ 8GB/ 512GB SSD/ Win11 Home),482.01,59,intel,core i3,6,8,8,SSD,512,intel,integrated,0,15.6,1920,1080,windows,1,95
231,242,hp,HP 15-fd0013TU Laptop (13th Gen Core i5/ 16GB/ 512GB SSD/ Win11 Home),743.47,57,intel,core i5,10,12,16,SSD,512,intel,integrated,0,15.6,1920,1080,windows,1,84
232,243,asus,Asus Vivobook 16X 2023 K3605VC-MB542WS Laptop (13th Gen Core i5/ 16GB/ 512GB SSD/ Win11 Home/ 4GB Graph),1079.29,67,intel,core i5,12,16,16,SSD,512,nvidia,dedicated,0,16.0,1920,1200,windows,1,3
233,244,asus,Asus TUF Gaming F17 FX706HF-HX018W Laptop (11th Gen Core i5/ 8GB/ 512GB SSD/ Win11/ 4GB Graph),667.9,64,intel,core i5,6,12,8,SSD,512,nvidia,dedicated,0,17.3,1920,1080,windows,1,43
234,245,hp,HP 15-eg3036TU Laptop (13th Gen Core i7/ 16GB/ 1TB SSD/ Win11 Home),1073.29,69,intel,core i7,12,16,16,SSD,1024,intel,integrated,0,15.6,1920,1080,windows,1,25
235,246,acer,Acer Predator Helios Neo 16 PHN16-71 Gaming Laptop (13th Gen Core i7/ 16GB/ 1TB SSD/ Win11/ 6GB Graph),1439.09,75,intel,core i7,16,24,16,SSD,1024,nvidia,dedicated,0,16.0,1920,1200,windows,1,10
236,247,msi,MSI Cyborg 15 A12UCX-264IN Gaming Laptop (12th Gen Core i5/ 16GB/ 512GB SSD/ Win11/ 4GB Graph),785.45,69,intel,core i5,8,12,16,SSD,512,nvidia,dedicated,0,15.6,1920,1080,windows,2,7
237,248,hp,HP 15-fc0026AU Laptop (AMD Ryzen 3 7320U/ 8GB/ 512GB SSD/ Win11 Home),419.65,54,amd,ryzen 3,4,8,8,SSD,512,amd,integrated,0,15.6,1920,1080,windows,1,139
238,249,asus,Asus Vivobook S14 Flip 2022 TN3402QA-LZ741WS Laptop (AMD Ryzen 7-5800H/ 16GB/ 512GB SSD/Win11),839.42,70,amd,ryzen 7,8,16,16,SSD,512,amd,integrated,1,14.0,1920,1200,windows,1,62
239,250,asus,Asus Vivobook S15 OLED 2023 S5504VA-MA543WS Laptop (13th Gen Core i5/ 16GB/ 512GB SSD/ Win11),947.36,65,intel,core i5,12,16,16,SSD,512,intel,integrated,0,15.6,2880,1620,windows,1,52
240,251,asus,Asus Vivobook S15 OLED 2023 S5504VA-MA953WS Laptop (13th Gen Core i9/ 16GB/ 1TB SSD/ Win11),1268.17,71,intel,core i9,14,20,16,SSD,1024,intel,integrated,0,15.6,2880,1620,windows,1,40
241,252,asus,Asus Vivobook 15 2023 X1504VA-NJ324WS Laptop (13th Gen Core i3/ 8GB/ 512GB SSD/ Win11),515.6,59,intel,core i3,6,8,8,SSD,512,intel,integrated,0,15.6,1920,1080,windows,1,93
242,253,honor,Honor MagicBook X14 2023 FRI-F56 Laptop (12th Gen Core i5/ 16GB/ 512GB SSD/ Win11 Home),659.52,66,intel,core i5,8,12,16,SSD,512,intel,integrated,0,14.0,1920,1200,windows,1,9
243,254,lenovo,Lenovo E41-55 Laptop (Athlon Silver 3050U/ 8GB/ 256GB SSD/ Win11),263.73,53,amd,other,2,2,8,SSD,256,amd,integrated,0,14.0,1920,1080,windows,1,48
244,255,lenovo,Lenovo V15 G3 82TTA00VIH Laptop (12th Gen Core i3/ 8GB/ 512GB SSD/Win11),400.58,53,intel,core i3,6,8,8,SSD,512,intel,integrated,0,15.6,1920,1080,windows,1,82
245,256,hp,HP Victus 15-fb0108AX Gaming Laptop (AMD Ryzen 5 5600H/ 8GB/ 512GB SSD/ Win11/ 4GB Graph),611.54,67,amd,ryzen 5,6,12,8,SSD,512,amd,dedicated,0,15.6,1920,1080,windows,1,28
246,257,dell,Dell Vostro 3425 M552321WIN9S Laptop (AMD Ryzen 5 5625U/ 16GB/ 512GB SSD/ Win11 Home),611.54,68,amd,ryzen 5,6,12,16,SSD,512,amd,integrated,0,14.0,1920,1080,windows,1,18
247,258,msi,MSI Modern 14 C7M-062IN Laptop (Ryzen 5 7530U/ 16GB/ 512GB SSD/ Win11),527.59,62,amd,ryzen 5,6,12,16,SSD,512,amd,integrated,0,14.0,1920,1080,windows,1,18
248,259,acer,Acer Extensa 15 EX215-33 Laptop (Intel Core i3 N305/ 8GB/ 256GB SSD/ Win11 Home),335.7,49,intel,core i3,8,8,8,SSD,256,intel,integrated,0,15.6,1920,1080,windows,1,137
249,260,msi,MSI Sword 15 A12VF-401IN Gaming Laptop (12th Gen Core i7/ 16GB/ 1TB SSD/ Win11/ 8GB Graph),1271.18,79,intel,core i7,10,16,16,SSD,1024,nvidia,dedicated,0,15.6,1920,1080,windows,2,21
250,261,hp,HP ProBook 445 G8 Business Laptop (AMD Ryzen 7 5800U/ 8GB/ 512GB SSD/ Win11),563.57,68,amd,ryzen 7,8,16,8,SSD,512,amd,integrated,0,14.0,1920,1080,windows,1,57
251,262,acer,Acer Aspire 5 UN.K3JSI.004 Laptop (12th Gen Core i5/ 12GB/ 512GB SSD/ Win11 Home),563.57,67,intel,core i5,10,12,12,SSD,512,intel,integrated,0,15.6,1920,1080,windows,1,33
252,263,asus,Asus Vivobook 15 OLED 2023 M1505YA-LK541WS Laptop (Ryzen 5 7530U/ 16GB/ 512GB SSD/ Win11 Home),647.52,65,amd,ryzen 5,6,12,16,SSD,512,amd,integrated,0,15.6,1920,1080,windows,1,37
253,264,asus,Asus Vivobook Go 15 2023 E1504FA-NJ543WS Laptop (Ryzen 5 7520U / 16GB/ 512GB SSD/ Win11 Home),582.63,60,amd,ryzen 5,4,8,16,SSD,512,amd,integrated,0,15.6,1920,1080,windows,1,147
254,265,asus,Asus Vivobook 16 2023 M1605YA-MB741WS Laptop (Ryzen 7 7730U/ 16GB/ 512GB SSD/ Win11 Home),851.41,65,amd,ryzen 7,8,16,16,SSD,512,amd,integrated,0,16.0,1920,1200,windows,1,37
255,266,samsung,Samsung Galaxy Book 3 NP750XFG-KB1IN Laptop (13th Gen Core i5/ 8GB/ 512GB SSD/ Win11),839.42,56,intel,core i5,10,12,8,SSD,512,intel,integrated,0,15.6,1920,1080,windows,1,15
256,267,samsung,Samsung Galaxy Book 3 NP750XFG-KA3IN Laptop (13th Gen Core i7/ 16GB/ 512GB SSD/ Win11),911.38,60,intel,core i7,10,12,16,SSD,512,intel,integrated,0,15.6,1920,1080,windows,1,107
257,268,infinix,Infinix INBook Y1 Plus Laptop (10th Gen Core i3/ 8GB/ 256GB SSD/ Win 11 Home),299.71,52,intel,core i3,2,4,8,SSD,256,intel,integrated,0,15.6,1920,1080,windows,1,74
258,269,hp,HP Victus 15-fb0107AX Gaming Laptop (Ryzen 7-5800H/ 16GB/ 512GB SSD/ Win11/ 4GB Graph),851.41,69,amd,ryzen 7,8,16,16,SSD,512,nvidia,dedicated,0,15.6,1920,1080,windows,1,32
259,270,asus,Asus VivoBook 15 X1500EA-EJ3379WS Laptop (11th Gen Core i3/ 8GB/ 512GB SSD/ Win11),370.48,50,intel,core i3,2,4,8,SSD,512,intel,integrated,0,15.6,1920,1080,windows,1,74
260,271,hp,HP Victus 15-fb0777AX Gaming Laptop (AMD Ryzen 5 5600H/ 8GB/ 512GB SSD/ Win11/ 4GB Graph),623.54,67,amd,ryzen 5,6,12,8,SSD,512,amd,dedicated,0,15.6,1920,1080,windows,1,28
261,272,hp,HP Victus 16-d0311TX Gaming Laptop (11th Gen Core i5/ 16GB/ 512GB SSD/ Win11/ 4GB Graph),695.5,73,intel,core i5,6,12,16,SSD,512,nvidia,dedicated,0,16.1,1920,1080,windows,1,38
262,273,hp,HP 15s-fr4000TU Laptop (11th Gen Core i5/ 8GB/ 512GB SSD/ Win11 Home),581.08,62,intel,core i5,4,8,8,SSD,512,intel,integrated,0,15.6,1920,1080,windows,1,95
263,274,hp,HP Envy x360 13-bf0121TU  Laptop (12th Gen Core i5/ 16GB/ 512GB SSD/ Win11),959.35,71,intel,core i5,10,12,16,SSD,512,intel,integrated,1,13.4,1920,1200,windows,1,9
264,275,hp,HP Pavilion 14-dv2014TU Laptop (12th Gen Core i5/ 16GB/ 512GB SSD/ Win 11),767.46,64,intel,core i5,10,12,16,SSD,512,intel,integrated,0,14.0,1920,1080,windows,1,9
265,276,hp,HP 255 G8 6X4B2PA Laptop (AMD Athlon 3050/ 4GB/ 256GB SSD/ DOS),231.46,39,amd,other,2,2,4,SSD,256,amd,integrated,0,15.6,1920,1080,dos,1,126
266,277,dell,Dell Inspiron 5420 Laptop (12th Gen Core i5/ 16GB/ 512GB SSD/ Win11),839.53,62,intel,core i5,12,16,16,SSD,512,intel,integrated,0,14.0,1920,1080,windows,1,94
267,278,asus,Asus VivoBook 14 2022 X1402ZA-MW511WS Laptop (12th Gen Core i5/ 16GB/ 512GB SSD/ Win11 Home),750.79,73,intel,core i5,12,16,16,SSD,512,intel,integrated,1,14.0,1920,1080,windows,1,9
268,279,lenovo,Lenovo Legion 5 82JU00SYIN Laptop (AMD Ryzen 7 5800H/ 16GB/ 1TB SSD/ Win11 Home/ 6GB Graph),1199.22,78,amd,ryzen 7,8,16,16,SSD,1024,nvidia,dedicated,0,16.0,2560,1600,windows,1,17
269,280,msi,MSI Creator M16 A12UD-633IN Laptop (12th Gen Core i7/ 16GB/ 512GB SSD/ Win11/ 4GB Graph),1007.32,78,intel,core i7,14,20,16,SSD,512,nvidia,dedicated,0,16.0,2560,1660,windows,2,59
270,281,hp,HP Victus 15-fb0050AX Gaming Laptop (AMD Ryzen 5 5600H/ 8GB/ 512GB SSD/ Win11/ 4GB Graph),718.06,71,amd,ryzen 5,6,12,8,SSD,512,nvidia,dedicated,0,15.6,1920,1080,windows,1,11
271,282,hp,HP Pavilion 15s-fq5112TU Laptop (12th Gen Core i5/ 16GB/ 512GB SSD/ Win11),683.61,54,intel,core i5,10,12,16,SSD,512,intel,integrated,0,15.6,1920,1080,windows,1,84
272,283,asus,Asus ROG Zephyrus G15 2022 GA503RW-LN067WS Gaming Laptop (AMD Ryzen 9 6900HS/ 16GB/ 1TB SSD/ Win11 Home/ 8GB Graph),1738.92,85,amd,ryzen 9,8,16,16,SSD,1024,nvidia,dedicated,0,15.6,2560,1440,windows,1,17
273,284,hp,HP 15s-fq2673TU Laptop (11th Gen Core i3/ 8GB/ 512GB SSD/ Win11 Home),487.04,58,intel,core i3,2,4,8,SSD,512,intel,integrated,0,15.6,1920,1080,windows,1,73
274,285,lenovo,Lenovo IdeaPad Gaming 3 82K201ULIN Laptop (Ryzen 5 5600H/ 16GB/ 512GB SSD/ Win11 Home/ 4GB Graph),779.45,74,amd,ryzen 5,6,12,16,SSD,512,nvidia,dedicated,0,15.6,1920,1080,windows,1,114
275,286,apple,Apple MacBook Air 2022 Laptop (Apple M2/ 8GB/ 512GB SSD/ MacOS),1595.0,45,apple,m2,8,8,8,SSD,512,apple,apple,0,13.6,2560,1664,mac,1,113
276,287,apple,Apple MacBook Pro 2022 Laptop (Apple M2/ 8GB/ 512GB SSD/ macOS),1642.97,45,apple,m2,8,8,8,SSD,512,apple,apple,0,13.3,2560,1600,mac,1,113
277,288,samsung,Samsung Galaxy Book2 15 Laptop (12th Gen Core i5/ 8GB/ 512GB SSD/ Win11),659.52,59,intel,core i5,10,12,8,SSD,512,intel,integrated,0,15.6,1920,1080,windows,1,15
278,289,lenovo,Lenovo IdeaPad D330 82H0001YIN Laptop (Celeron N4020/ 4GB/ 128GB eMMC/ Win10),299.71,49,intel,celeron,4,2,4,HDD,128,intel,integrated,1,10.1,1200,800,windows,1,105
279,290,hp,HP Pavilion 15-eg2009TU Laptop (12th Gen Core i5/ 8GB/ 512GB SSD/ Win11 Home),767.46,62,intel,core i5,12,16,8,SSD,512,intel,integrated,0,15.6,1920,1080,windows,1,135
280,291,hp,HP 247 G8 67U77PA Laptop (Athlon P-3045B HD/ 8GB/ 1TB HDD/ Win11),299.71,52,amd,other,2,2,8,HDD,1024,amd,integrated,0,14.0,1366,768,windows,1,45
281,292,samsung,Samsung Galaxy Book2 Pro 15 Laptop (12th Gen Core i7/ 16GB/ 512GB SSD/ Win11),1403.11,68,intel,core i7,8,16,16,SSD,512,intel,integrated,0,15.6,1080,1920,windows,1,54
282,293,hp,HP 14s-fq1092au Laptop (Ryzen 5 5500U/ 8GB/ 512GB SSD/ Win11 Home),500.72,64,amd,ryzen 5,6,12,8,SSD,512,amd,integrated,0,14.0,1920,1080,windows,1,57
283,294,realme,Realme Book Slim Laptop (11th Gen Core i3/ 8GB/ 256GB SSD/ Win10),443.64,52,intel,core i3,2,4,8,SSD,256,intel,integrated,0,14.0,1440,2160,windows,1,8
284,295,dell,Dell Inspiron 3501 Laptop (11th Gen Core i5/ 8GB/ 1TB 256GB SSD/ Win10),626.04,56,intel,core i5,4,8,8,HDD,1024,intel,integrated,0,15.6,1920,1080,windows,1,63
285,296,avita,Avita Pura NS14A6 Laptop (AMD Ryzen 5/ 8GB/ 512GB SSD/ Win10),256.54,56,amd,ryzen 5,4,8,8,SSD,512,amd,integrated,0,14.0,1920,1080,windows,1,48
286,297,hp,HP EliteBook 840 G6 (8LX79PA) Laptop (8th Gen Core i5/ 8GB/ 512GB SSD/ Win10),1084.97,56,intel,core i5,4,8,8,SSD,512,intel,integrated,0,14.0,1920,1080,windows,3,56
287,298,dell,Dell Inspiron 5370 Laptop (8th Gen Core i7/ 8GB/ 256GB SSD/ Win10/ 4GB Graph),1055.3,67,intel,core i7,4,8,8,SSD,256,nvidia,dedicated,0,13.3,1920,1080,windows,1,138
288,300,chuwi,Chuwi Gemibook X Pro Laptop (Intel Celeron N100/ 8 GB/ 256 GB SSD/ Win11 Home),263.73,50,intel,other,4,4,8,SSD,256,intel,integrated,0,14.1,1920,1080,windows,1,89
289,301,chuwi,Chuwi CoreBook X Laptop (10th Gen Core i5/ 16GB/ 512GB SSD/ Win11),419.65,54,intel,core i5,4,8,16,SSD,512,intel,integrated,0,14.0,2160,1440,windows,1,109
290,302,avita,Avita Liber Liber E AM14A2INL54F Laptop (AMD Ryzen 5 5500U/ 8GB/ 256GB SSD/ Win11 Home),395.17,50,amd,ryzen 5,6,12,8,SSD,512,amd,integrated,0,14.0,1920,1080,windows,1,48
291,303,lenovo,Lenovo ThinkPad X1 Fold Gen 1 Laptop (Intel Core i5/ 8GB/ 1TB SSD/ Win10 Pro),1799.01,64,intel,core i5,5,5,8,SSD,1024,intel,integrated,1,13.3,2048,1536,windows,1,22
292,304,dell,Dell G16 7630 Gaming Laptop (13th Gen Core i9/ 16GB/ 1TB SSD/ Win11/ 8GB Graph),2500.5,80,intel,core i9,24,32,16,SSD,1024,nvidia,dedicated,0,16.0,2560,1600,windows,1,78
293,305,hp,HP Envy x360 15-fh0014AU Laptop (AMD Ryzen 5 7530U/ 8GB/ 512GB SSD/ Win11 Home),953.08,64,amd,ryzen 5,6,12,8,SSD,512,amd,integrated,1,15.6,1920,1080,windows,1,64
294,306,lenovo,Lenovo IdeaPad Slim 3 83ER008DIN Laptop (12th Gen Core i5/ 16GB/ 512GB SSD/ Win11),683.5,57,intel,core i5,8,12,16,SSD,512,intel,integrated,0,15.6,1920,1080,windows,1,107
295,307,lenovo,Lenovo Ideapad Flex 5 14IAU7 82R700KHIN Laptop (12th Gen Core i3/ 8GB/ 512GB SSD/ Win11 Home),659.52,58,intel,core i3,6,8,8,SSD,512,intel,integrated,1,14.0,1920,1200,windows,1,0
296,308,hp,HP 250 G9 95X38PA Laptop (12th Gen Core i5/ 8GB/ 512 GB SSD/ DOS),689.62,51,intel,core i5,10,12,8,SSD,512,intel,integrated,0,15.6,1920,1080,dos,1,75
297,309,hp,HP 240 G9 8J0S5PA Laptop (12th Gen Core i5/ 8GB/ 512 GB SSD/ DOS),654.83,58,intel,core i5,10,12,8,SSD,512,intel,integrated,0,14.0,1366,768,dos,1,112
298,310,lenovo,Lenovo ThinkBook 14 21DH00C1IH Laptop (12th Gen Core i5/ 8GB/ 512GB SSD/ DOS),755.57,62,intel,core i5,10,12,8,SSD,512,intel,integrated,0,14.0,1920,1080,dos,1,90
299,311,lenovo,Lenovo IdeaPad Slim 1 82R400BGIN Laptop (AMD Ryzen 5 5500U/ 8GB/ 512GB SSD/ Win11 Home),437.64,50,amd,ryzen 5,6,12,8,SSD,512,amd,integrated,0,15.6,1920,1080,windows,1,14
300,312,lenovo,Lenovo V14 82KAA0AMIH Laptop (11th Gen Core i5/ 8GB/ 512GB SSD/ DOS),551.58,58,intel,core i5,4,8,8,SSD,512,intel,integrated,0,14.0,1366,768,dos,1,71
301,313,lenovo,Lenovo V14 82KAA01QIH Laptop (11th Gen Core i5/ 8GB/ 512GB SSD/ Win10 Home),563.57,62,intel,core i5,4,8,8,SSD,512,intel,integrated,0,14.0,1920,1080,windows,1,0
302,314,msi,MSI Thin GF63 11UC-1494IN Gaming Laptop (11th Gen Core i7/ 16GB/ 1TB 256GB SSD/ Win11 Home/ 4GB Graph),795.76,69,intel,core i7,8,16,16,HDD,1024,nvidia,dedicated,0,15.6,1920,1080,windows,1,21
303,315,lenovo,Lenovo IdeaPad Slim 3i 82RK011EIN Laptop (12th Gen Core i7/ 16GB/ 512GB SSD/ Win11 Home),755.46,66,intel,core i7,10,12,16,SSD,512,intel,integrated,0,15.6,1920,1080,windows,1,107
304,316,dell,"Dell Inspiron 3535 Laptop (AMD Ryzen R3-7320U,/ 8GB/ 512GB SSD/ Win11)",440.53,53,amd,ryzen 3,4,8,8,SSD,512,amd,integrated,0,15.6,1920,1080,windows,1,102
305,317,hp,HP 15s-EQ2084AU Laptop (AMD Ryzen 7 5700U/ 16GB/ 512GB SSD/ Win11 Home),622.47,62,amd,ryzen 7,8,16,16,SSD,512,amd,integrated,0,15.6,1920,1080,windows,1,121
306,318,dell,Dell Inspiron 7430 14 2 in 1 Laptop (13th Gen Core i3/ 8GB/ 512GB SSD/ Win11),718.28,58,intel,core i3,6,8,8,SSD,512,intel,integrated,1,14.0,1920,1200,windows,1,65
307,319,lenovo,Lenovo Ideapad Slim 5 82XD006GIN Laptop (13th Gen Core i5/ 16 GB RAM/ 1TB SSD/ Win 11),887.39,57,intel,core i5,8,12,16,SSD,1024,intel,integrated,0,14.0,1920,1200,windows,1,5
308,320,lenovo,Lenovo IdeaPad Slim 5 14IAH8 83BF0043IN Laptop (12th Gen Core i5/ 16GB/ 1TB SSD/ Win11),743.47,60,intel,core i5,8,12,16,SSD,1024,intel,integrated,0,14.0,1920,1200,windows,1,5
309,321,hp,HP 250 G9 95X40PA Laptop (12th Gen Core i7/ 8GB/ 512 GB SSD/ DOS),807.01,52,intel,core i7,10,12,8,SSD,512,intel,integrated,0,15.6,1920,1080,dos,1,75
310,322,dell,Dell Inspiron 3520 IN3520RVTGV001ORB1 Laptop (11th Gen Core i3/ 8GB/ 512GB SSD/ Win11),419.65,49,intel,core i3,2,4,8,SSD,512,intel,integrated,0,15.6,1920,1080,windows,1,91
311,323,lenovo,Lenovo Thinkpad E14 G4 21E3S00P00 Laptop (12th Gen Core i5/ 8GB/ 512GB SSD/ DOS),898.3,63,intel,core i5,10,12,8,SSD,512,intel,integrated,0,14.0,1920,1080,dos,1,90
312,324,dell,Dell Latitude 7440 14 Laptop (13th Gen Core i5/ 16GB/ 512GB SSD/ Win11 Pro),1823.0,59,intel,core i5,10,12,16,SSD,512,intel,integrated,1,14.0,1920,1200,windows,1,94
313,325,lenovo,Lenovo IdeaPad Slim 3 82H803U0IN Laptop (11th Gen Core i3/ 8GB/ 256GB SSD/ Win11),383.67,51,intel,core i3,2,4,8,SSD,256,intel,integrated,0,15.6,1920,1080,windows,1,66
314,326,acer,Acer Aspire 3 15 A315-510P UN.KDHSI.019 Laptop (Intel Core i3 N305/ 8GB/ 512GB SSD/ Win11 Home),359.68,47,intel,core i3,8,8,8,SSD,512,intel,integrated,0,15.6,1920,1080,windows,1,137
315,327,acer,Acer Aspire Lite 15 AL15-51 2023  Laptop (11th Gen Core i5/ 16GB/ 1TB SSD/ Win11),557.69,64,intel,core i5,4,8,16,SSD,1024,intel,integrated,0,15.6,1920,1080,windows,1,44
316,328,lenovo,Lenovo ThinkPad X1 Carbon 21HMS00000 Laptop (13th Gen Core i7/ 16GB/ 1TB SSD/ Win11 Pro),2626.43,64,intel,core i7,10,12,16,SSD,1024,intel,integrated,0,14.0,1920,1200,windows,1,22
317,329,avita,Avita Liber AM15A2INT56F Laptop (12th Gen Core i3/ 8GB/ 512GB SSD/ Win11 Home),390.38,51,intel,core i3,6,8,8,SSD,512,intel,integrated,0,15.6,1920,1080,windows,1,49
318,330,acer,Acer TravelMate P2 TMP214-53 14 Business Laptop (11th Gen Core i7/ 16GB/ 512GB SSD/ Win11 Home),599.55,64,intel,core i7,4,8,16,SSD,512,intel,integrated,0,14.0,1920,1080,windows,1,46
319,331,acer,Acer Aspire Lite AL15-52 Laptop (12th Gen Core i5/ 16GB/ 512GB SSD/ Win11),539.69,64,intel,core i5,10,12,16,SSD,512,intel,integrated,0,15.6,1920,1080,windows,1,33
320,332,acer,Acer Aspire Lite AL15-52 2023 Laptop (12th Gen Core i5/ 8GB/ 512GB SSD/ Win11),515.7,62,intel,core i5,10,12,8,SSD,512,intel,integrated,0,15.6,1920,1080,windows,1,33
321,333,avita,Avita Pura S101 Laptop (Celeron N4020/ 8GB/256GB SSD/ Win11 Home),232.92,41,intel,celeron,2,2,8,SSD,256,intel,integrated,0,14.0,1920,1080,windows,1,124
322,334,apple,Apple MacBook Pro 14 2023 Laptop (Apple M3/ 8GB/ 1TB SSD/ macOS),2277.54,53,apple,m3,8,8,8,SSD,1024,apple,apple,0,14.2,3024,1964,mac,1,119
323,335,apple,Apple MacBook Pro 14 2023 Laptop (Apple M3 Pro/ 18GB/ 1TB SSD/ macOS),2877.21,58,apple,m3,12,12,8,SSD,1024,apple,apple,0,14.2,3024,1964,mac,1,119
324,336,lenovo,Lenovo Yoga Slim 7i Carbon 13IRP8 83AY003CIN Laptop (13th Gen Core i7/ 16GB/ 1TB SSD/ Win11 Home),1477.47,67,intel,core i7,12,16,16,SSD,1024,intel,integrated,1,13.3,2560,1600,windows,1,61
325,337,asus,Asus Chromebook CX1500CKA-EJ0247 Laptop (Celeron N4500/ 8GB/ 128GB eMMC/ Chrome OS),393.68,37,intel,celeron,2,2,8,HDD,128,intel,integrated,0,15.6,1920,1080,chrome,1,2
326,338,lenovo,Lenovo Ideapad Gaming 3 15ARH7 82SB00QJIN Laptop  (AMD Ryzen 5 7535HS / 16GB/ 512GB SSD/ Win11 Home/ 4GB Graph),827.42,66,amd,ryzen 5,6,12,8,SSD,512,nvidia,dedicated,0,15.6,1920,1080,windows,1,50
327,339,acer,Acer Aspire 5 A515-57 NX.K3JSI.006 Laptop (12th Gen Core i5/ 8GB/ 512GB SSD/ Win11 Home),563.57,63,intel,core i5,10,12,8,SSD,512,intel,integrated,0,15.6,1920,1080,windows,1,33
328,340,lenovo,Lenovo LOQ 15APH8 82XT004KIN Gaming Laptop (AMD Ryzen 7 7840HS/ 16GB/ 512GB SSD/ Win11/ 8GB Graph),1294.22,75,amd,ryzen 7,8,16,16,SSD,512,nvidia,dedicated,0,15.6,1920,1080,windows,1,114
329,341,lenovo,Lenovo IdeaPad Gaming 3 Gen 6 82K2028QIN Laptop (AMD Ryzen 5 5500H/ 8GB/ 512GB SSD/ Win11 Home/ 4GB Graph),622.39,65,amd,ryzen 5,4,8,8,SSD,512,nvidia,dedicated,0,15.6,1920,1080,windows,1,50
330,342,asus,Asus Chromebook CX1400FKA-EC0168 Laptop (Celeron N4500/ 8GB/ 128GB eMMC/ Chrome OS),362.19,44,intel,celeron,2,2,8,HDD,128,intel,integrated,1,14.0,1920,1080,chrome,1,2
331,343,avita,Avita Pura S102 Laptop (Celeron N4020/ 8GB/ 512GB SSD/ Win11 Home),251.85,43,intel,celeron,2,2,8,SSD,512,intel,integrated,0,15.6,1920,1080,windows,1,66
332,344,apple,Apple MacBook Pro 14 2023 Laptop (Apple M3/ 8GB/ 512GB SSD/ macOS),2037.68,51,apple,m3,8,8,8,SSD,512,apple,apple,0,14.2,3024,1964,mac,1,88
333,345,hp,HP Spectre x360 14-ef2036TU Laptop (13th Gen Core i7/ 16GB/ 512GB SSD/ Win11 Home),1862.56,70,intel,core i7,10,12,16,SSD,512,intel,integrated,1,13.5,3000,2000,windows,1,13
334,346,hp,HP Omen 16-xd0005AX Gaming Laptop (AMD Ryzen 7 7840HS/ 16GB/ 1TB SSD/ Win11/ 6GB Graph),1342.58,78,amd,ryzen 7,8,16,16,SSD,1024,nvidia,dedicated,0,16.1,1920,1080,windows,1,72
335,347,hp,HP ProBook 440 G9 821M3PA Laptop (12th Gen Core i5/ 8GB/ 512GB SSD/ Win11),918.68,69,intel,core i5,10,12,16,SSD,512,intel,integrated,0,14.0,1366,768,windows,1,112
336,348,hp,HP 15s-FR5012TU Laptop (12th Gen Core i3/ 8GB/ 512GB SSD/ Win11 Home),491.61,57,intel,core i3,6,8,8,SSD,512,intel,integrated,0,15.6,1920,1080,windows,1,95
337,349,acer,Acer Aspire Lite AL15-51 15 2023 Laptop (11th Gen Core i5/ 8GB/ 1TB SSD/ Win11),557.57,63,intel,core i5,4,8,8,SSD,1024,intel,integrated,0,15.6,1920,1080,windows,1,44
338,350,lenovo,Lenovo S14 Gen 3 82TW000VIH Laptop (12th Gen Core i5/ 8GB/ 512GB SSD/ DOS),563.57,57,intel,core i5,10,12,8,SSD,512,intel,integrated,0,14.0,1920,1080,dos,3,90
339,351,hp,HP Victus 15-fa1134TX Laptop (12th Gen Core i7/ 16GB/ 512GB SSD/ Win11 Home/ 6GB Graph),1192.98,77,intel,core i7,10,16,16,SSD,512,nvidia,dedicated,0,15.6,1920,1080,windows,1,38
340,352,lenovo,Lenovo Legion Pro 7 82WQ007UIN Gaming Laptop (13th Gen Core i9/ 32GB/ 1TB SSD/ Win11/ 16GB Graph),4306.77,86,intel,core i9,24,32,32,SSD,1024,nvidia,dedicated,0,16.0,2560,1600,windows,1,29
341,353,microsoft,Microsoft Surface Laptop Go 3 XK1-00045 (12th Gen Core i5/ 8GB RAM/ 256 GB SSD/ Win 11),959.35,58,intel,core i5,10,12,8,SSD,256,intel,integrated,1,12.4,1536,1024,windows,1,77
342,354,acer,Acer Aspire 5 A514-56M NX.KH6SI.001 Gaming Laptop (13th Gen Core i5/ 16GB/ 512GB SSD/ Win11 Home),683.5,56,intel,core i5,10,12,16,SSD,512,intel,integrated,0,14.0,1920,1200,windows,1,53
343,355,acer,Acer Aspire Lite AL15-41 Laptop (AMD Ryzen 5 5500U/ 16GB/ 1TB SSD/ Win11),477.34,62,amd,ryzen 5,6,12,16,SSD,1024,amd,integrated,0,15.6,1920,1080,windows,1,116
344,356,dell,Dell Inspiron 7430 IC7430MH5K0M01ORS1 Laptop (13th Gen Core i5/ 8GB/ 512GB SSD/ Win11),1067.29,64,intel,core i5,10,12,8,SSD,512,intel,integrated,1,14.0,1920,1200,windows,1,65
345,357,lenovo,Lenovo IdeaPad Gaming 3 82K101LJIN Laptop (11th Gen Core i5/ 16GB/ 512GB SSD/ Win11 Home/ 4GB Graph),661.92,70,intel,core i5,4,8,16,SSD,512,nvidia,dedicated,0,15.6,1920,1080,windows,1,70
346,358,hp,HP Omen 16-XD0007ax Gaming Laptop (AMD Ryzen 7 7840HS/ 16GB/ 1TB SSD/ Win11/ 6GB Graph),1355.13,76,amd,ryzen 7,8,16,16,SSD,1024,nvidia,dedicated,0,16.1,1920,1080,windows,1,72
347,359,asus,Asus Vivobook Pro 15 OLED M6500QC-LK751WS Laptop (Ryzen 7 5800HS/ 16GB/ 1TB SSD/ Win11/ 4GB Graph),1037.43,67,amd,ryzen 7,8,16,16,SSD,1024,nvidia,dedicated,0,15.6,1920,1080,windows,1,96
348,360,msi,MSI Vector GP68 HX 13VG-214IN Gaming Laptop (13th Gen Core i7/ 16GB/ 1TB SSD/ Win11/ 8GB Graph),2398.56,80,intel,core i7,16,24,16,SSD,1024,nvidia,dedicated,0,16.0,2560,1600,windows,1,27
349,361,dell,Dell G15-5530 15 2023 Gaming Laptop (13th Gen Core i7/ 16GB/ 1TB SSD/ Win11/ 6GB Graph),1265.18,75,intel,core i7,14,20,16,SSD,1024,nvidia,dedicated,0,15.6,1920,1080,windows,1,20
350,362,lenovo,Lenovo IdeaPad Flex 5 82R9008FIN Laptop (AMD Ryzen 5 5500U/ 16GB/ 512GB SSD/ Win11 Home),743.47,69,amd,ryzen 5,6,12,16,SSD,512,amd,integrated,1,14.0,1920,1200,windows,1,62
351,363,asus,Asus Vivobook Go 14 E1404FA-NK547WS Laptop (Ryzen 5 7520U/ 8GB/ 512GB SSD/ Win11),570.29,58,amd,ryzen 5,4,8,8,SSD,512,amd,integrated,0,14.0,1920,1080,windows,1,48
352,364,asus,Asus Vivobook 15X OLED M3504YA-LK552WS Laptop (AMD Ryzen 5 7530U/ 16GB/ 1TB SSD/ Win11 Home),779.45,65,amd,ryzen 5,6,12,16,SSD,1024,intel,integrated,0,15.6,1920,1080,windows,1,116
353,365,lenovo,Lenovo Thinkpad L14 Gen 2 20X1S10V00 Laptop (11th Gen Core i3/ 8GB/ 512GB SSD/ DOS),593.66,54,intel,core i3,2,4,8,SSD,512,intel,integrated,0,14.0,1920,1080,dos,3,67
354,366,lenovo,Lenovo V15 G4 Laptop (AMD Ryzen 5 7520U/ 8GB/ 512GB SSD/ Win11 Home),443.64,53,amd,ryzen 5,4,8,8,SSD,512,amd,integrated,0,15.6,1920,1080,windows,1,14
355,367,hp,HP Omen 16-k0789TX Gaming Laptop (12th Gen Core i5/ 16GB/ 512GB SSD/ Win11/ 4GB Graph),1091.39,72,intel,core i5,12,16,16,SSD,512,nvidia,dedicated,0,16.1,1920,1080,windows,1,38
356,368,lenovo,Lenovo IdeaPad 3 15IAU7 82RK00WXIN Laptop (12th Gen Core i3/ 8GB/ 256GB SSD/ Win11 Home),414.85,57,intel,core i3,6,8,8,SSD,256,intel,integrated,0,15.6,1920,1080,windows,1,82
357,369,lenovo,Lenovo IdeaPad 1 15AMN7 82VG00ERIN Laptop (AMD Ryzen 3 7320U / 8GB/ 512GB SSD/ Win11 Home),389.67,56,amd,ryzen 3,4,8,8,SSD,512,amd,integrated,0,15.6,1920,1080,windows,1,14
358,370,asus,Asus Vivobook 16X K3605VU-MB541WS Laptop (13th Gen Core i5/ 16GB/ 512GB SSD/ Win11 Home/ 6GB Graph),1188.68,69,intel,core i5,12,16,16,SSD,512,nvidia,dedicated,0,16.0,1920,1200,windows,1,3
359,371,lenovo,Lenovo IdeaPad Gaming 3 15IHU6 82K101R9IN Laptop (11th Gen Core i5/ 8GB/ 512GB SSD/ Win11 Home/ 4GB Graph),668.03,69,intel,core i5,4,8,8,SSD,512,nvidia,dedicated,0,15.6,1920,1080,windows,1,148
360,372,hp,HP 250 G9 7M657PA Laptop (12th Gen Core i3/ 8GB/ 512GB SSD/ Win11),430.56,60,intel,core i3,6,8,8,SSD,512,intel,integrated,0,15.6,1366,768,windows,1,41
361,373,lenovo,Lenovo IdeaPad Gaming 3 82SB00V5IN Laptop (AMD Ryzen 7 6800H/ 8GB/ 512GB SSD/ Win11 Home/ 4GB Graph),841.82,67,amd,ryzen 7,8,16,8,SSD,512,nvidia,dedicated,0,15.6,1920,1080,windows,1,50
362,374,lenovo,Lenovo Yoga 7 82YL0095IN Laptop (13th Gen Core i5/ 16GB/ 1TB SSD/ Win11 Home),1105.67,75,intel,core i5,12,16,16,SSD,1024,intel,integrated,1,14.0,2880,1800,windows,1,61
363,375,asus,Asus Vivobook Go 14 E410KA-EK013W Laptop (Celeron N4500/ 8GB/ 256GB SSD/ Win11 Home),335.7,45,intel,celeron,2,2,8,SSD,256,intel,integrated,0,14.0,1920,1080,windows,1,124
364,376,asus,Asus Vivobook Pro 15 OLED M6500QC-LK741WS Laptop (Ryzen 7 5800HS/ 16GB/ 512GB SSD/ Win11/ 4GB Graph),959.11,63,amd,ryzen 7,8,16,16,SSD,512,nvidia,dedicated,0,15.6,1920,1080,windows,1,85
365,377,acer,Acer Chromebook CB314-3H NX.K04SI.008 Laptop (Intel Celeron N4500/ 8GB/ 64GB SSD/ Chrome OS),287.72,38,intel,celeron,2,2,8,SSD,64,intel,integrated,0,14.0,1080,1920,chrome,1,120
366,378,dell,Dell Inspiron 3520 IN3520KTMFJS01ORS1 Laptop (11th Gen Core i3/ 8GB/ 512GB SSD/ Win11),617.5,58,intel,core i3,2,4,8,SSD,512,intel,integrated,0,15.6,1920,1080,windows,1,91
367,379,lenovo,Lenovo IdeaPad Gaming 3 15ACH6 82K20289IN Laptop (AMD Ryzen 5 5500H/ 8GB/ 512GB SSD/ Win11 Home/ 4GB Graph),623.54,63,amd,ryzen 5,4,8,8,SSD,512,nvidia,dedicated,0,15.6,1920,1080,windows,1,50
368,380,dell,Dell Inspiron 7430 2 in 1 2023 Laptop (13th Gen Core i3/ 8GB/ 256GB SSD/ Win11),683.5,57,intel,core i3,6,8,8,SSD,256,intel,integrated,1,14.0,1920,1200,windows,1,65
369,381,hp,HP Omen 17-ck2011TX Gaming Laptop (13th Gen Core i9/ 32GB/ 1TB SSD/ Win11/ 16GB Graph),4107.74,88,intel,core i9,24,32,32,SSD,1024,nvidia,dedicated,0,17.3,2560,1440,windows,1,29
370,382,zebronics,Zebronics Pro Series Z ZEB-NBC 4S 2023 Laptop (12th Gen Core i5 / 8GB/ 512GB SSD/ Win11 Home),479.62,66,intel,core i5,10,12,8,SSD,512,intel,integrated,0,15.6,1920,1080,windows,1,33
371,383,zebronics,Zebronics ZEB-NBC 2S 2023 Laptop (11th Gen Core i5 / 8GB/ 512GB SSD/ Win11 Home),395.66,60,intel,core i5,4,8,8,SSD,512,intel,integrated,0,15.6,1920,1080,windows,1,49
372,384,primebook,Primebook PBMTWIFI11064 Wi-Fi Laptop (MediaTek MT8183/ 4GB/ 64B eMMC/ Prime OS),155.79,31,other,other,8,0,4,HDD,64,arm,integrated,0,11.6,1366,768,other,1,60
373,385,acer,Acer Aspire 5 A515-58GM 15 2023 Gaming Laptop (13th Gen Core i5/ 16GB/ 512GB SSD/ Win11/ 4GB Graphics),767.57,65,intel,core i5,8,12,16,SSD,512,nvidia,dedicated,0,15.6,1920,1080,windows,1,47
374,386,acer,Acer Nitro V ANV15-51 NH.QNASI.001 Gaming Laptop (13th Gen Core i5/ 8GB/ 512GB SSD/ Win11/ 4GB Graph),791.44,62,intel,core i5,8,12,8,SSD,512,nvidia,dedicated,0,15.6,1920,1080,windows,1,130
375,387,ultimus,Ultimus Lite NU14U4INC54BN-CS Laptop (Celeron N4020/ 8GB/ 256GB SSD/ Win11 Home),197.77,47,intel,celeron,2,2,8,SSD,256,intel,integrated,0,14.1,1366,768,windows,1,39
376,388,hp,HP 15s-fy5007TU Laptop (12th Gen Core i5/ 8GB/ 512GB SSD/ Win11 Home),637.93,62,intel,core i5,10,12,8,SSD,512,intel,integrated,0,15.6,1920,1080,windows,1,135
377,389,zebronics,Zebronics ZEB-NBC 5S Laptop (12th Gen Core i7 / 16GB/ 512GB SSD/ Win11 Home),611.54,72,intel,core i7,10,12,16,SSD,512,intel,integrated,0,15.6,1920,1080,windows,1,33
378,390,hp,HP Pavilion Plus 14-ey0789AU Laptop (AMD Ryzen 7 7840H/ 16GB/ 1TB SSD/ Win 11),1110.47,70,amd,ryzen 7,8,16,16,SSD,1024,amd,integrated,0,14.0,2880,1800,windows,1,86
379,391,hp,HP Omen 17-ck2008AX Gaming Laptop (13th Gen Core i7/ 16 GB RAM/ 1TB SSD/ Win 11/ 12GB Graphics),3112.27,85,intel,core i7,16,24,16,SSD,1024,nvidia,dedicated,0,17.3,2560,1440,windows,1,24
380,392,hp,HP Omen 16-u0024TX Gaming Laptop (13th Gen Core i9/ 32GB/ 2TB SSD/ Win11 Home/ 8GB Graph),3514.05,88,intel,core i9,24,32,32,SSD,2048,nvidia,dedicated,0,16.1,2560,1600,windows,1,1
381,393,hp,HP Omen 17-cm2002TX Gaming Laptop (13th Gen Core i7/ 16 GB RAM/ 512 GB SSD/ Win 11/ 8 GB Graphics),1990.89,79,intel,core i7,16,24,16,SSD,512,nvidia,dedicated,0,17.3,1920,1080,windows,1,30
382,394,hp,HP Omen 16-u0022TX Gaming Laptop (13th Gen Core i7/ 16GB/ 512GB SSD/ Win11 Home/ 6GB Graph),2020.89,78,intel,core i7,16,24,16,SSD,512,nvidia,dedicated,0,16.1,2560,1600,windows,1,59
383,395,asus,Asus TUF Gaming F17 FX707ZC4-HX048WS Gaming Laptop (12th Gen Core i5/ 8GB/ 512GB SSD/ Win11/ 4GB Graph),1031.31,70,intel,core i5,12,16,8,SSD,512,nvidia,dedicated,0,17.3,1920,1080,windows,1,43
384,396,lenovo,Lenovo Yoga Slim 6 14IRH8 83E00015IN Laptop (13th Gen Core i5/ 16GB/ 1TB SSD/ Win11 Home),1019.32,58,intel,core i5,12,16,16,SSD,1024,intel,integrated,0,14.0,1920,1200,windows,1,5
385,397,lenovo,Lenovo Yoga Slim 6 83E00006IN Laptop (13th Gen Core i5/ 16GB/ 512GB SSD/ Win11 Home),961.75,57,intel,core i5,12,16,16,SSD,512,intel,integrated,0,14.0,1920,1200,windows,1,51
386,398,lenovo,Lenovo IdeaPad Pro 5 83AQ005SIN Gaming Laptop (13th Gen Core i7/ 16GB/ 1TB SSD/ Win11/ 6GB Graph),1309.56,63,intel,core i7,14,20,16,SSD,1024,nvidia,dedicated,0,16.0,2560,1600,windows,3,27
387,399,lenovo,Lenovo IdeaPad Gaming 3 82K2027CIN Laptop (AMD Ryzen 5 5600H/ 8GB/ 512GB SSD/ Win11 Home/ 4GB Graph),649.92,65,amd,ryzen 5,6,12,8,SSD,512,nvidia,dedicated,0,15.6,1920,1080,windows,1,50
388,400,lenovo,Lenovo IdeaPad Gaming 3 15IHU6 82K101R3IN Laptop (11th Gen Core i5/ 8GB/ 512GB SSD/ Win11 Home/ 4GB Graph),649.92,69,intel,core i5,4,8,8,SSD,512,nvidia,dedicated,0,15.6,1920,1080,windows,1,148
389,401,asus,Asus CX1101CMA-GJ0004 Chromebook (Celeron N4020/ 4GB/ 32GB eMMC/ Chrome OS),179.78,38,intel,celeron,2,2,4,HDD,32,intel,integrated,0,11.6,1366,768,chrome,1,105
390,402,asus,Asus TUF Gaming F17 FX706HF-HX019W Laptop (11th Gen Core i5/ 16GB/ 512GB SSD/ Win11/ 4GB Graph),800.18,66,intel,core i5,6,12,16,SSD,512,nvidia,dedicated,0,17.3,1920,1080,windows,1,43
391,403,asus,Asus Vivobook 15 X1502ZA-EJ531WS Laptop (12th Gen Core i5/ 8GB/ 512GB SSD/ Win11),647.52,51,intel,core i5,10,12,8,SSD,512,intel,integrated,0,15.6,1920,1080,windows,1,15
392,404,asus,Asus Chromebook 14 CX1400CKA-EK0266 Laptop (Celeron N4500/ 8GB/ 128GB eMMC/ Chrome OS),251.74,38,intel,celeron,2,2,8,SSD,128,intel,integrated,0,14.0,1920,1080,chrome,1,2
393,405,lenovo,Lenovo IdeaPad Flex 5 14IRU8 82Y00051IN Laptop (13th Gen Core i5/ 16GB/ 512GB SSD/ Win11 Home),937.76,64,intel,core i5,10,12,16,SSD,512,intel,integrated,1,14.0,1920,1200,windows,1,51
394,406,lenovo,Lenovo IdeaPad 1 15ALC7 82R400BSIN Laptop (AMD Ryzen 5 5500U / 8GB/ 512GB SSD/ Win11 Home),479.62,56,amd,ryzen 5,6,12,8,SSD,512,amd,integrated,0,15.6,1920,1080,windows,1,14
395,407,dell,Dell Inspiron 5430 IN5430FR0KC001ORS1 Laptop (13th Gen Core i5/ 8GB/ 512GB SSD/ Win11),743.47,53,intel,core i5,10,12,8,SSD,512,intel,integrated,0,14.0,1920,1080,windows,1,65
396,408,hp,HP 15s-fy5006TU Laptop (12th Gen Core i3/ 8GB/ 512GB SSD/ Win11 Home),467.62,57,intel,core i3,6,8,8,SSD,512,intel,integrated,0,15.6,1920,1080,windows,1,95
397,409,lenovo,Lenovo Yoga Slim 6 14IRH8 83E00007IN Laptop (13th Gen Core i7/ 16GB/ 512GB SSD/ Win11 Home),1117.66,58,intel,core i7,14,20,16,SSD,512,intel,integrated,0,14.0,1920,1200,windows,1,51
398,410,lenovo,Lenovo Legion Pro 5 82WM00B7IN Gaming Laptop ( AMD Ryzen 7 7745HX/ 16GB/ 1TB SSD/ Win11 Home/ 8GB Graph),1969.19,84,amd,ryzen 7,8,16,16,SSD,1024,nvidia,dedicated,0,16.0,2560,1600,windows,1,17
399,411,lenovo,Lenovo Legion Pro 7 2023 82WQ007TIN Gaming Laptop (13th Gen Core i9/ 32GB/ 1TB SSD/ Win11 Home/ 12GB Graph),3585.9,85,intel,core i9,24,32,32,SSD,1024,nvidia,dedicated,0,16.0,2560,1600,windows,1,29
400,412,lenovo,Lenovo Legion Slim 5 82YA00DXIN Gaming Laptop (13th Gen Core i7/ 16GB/ 1TB SSD/ Win11/ 8GB Graph),1669.36,78,intel,core i7,10,16,16,SSD,1024,nvidia,dedicated,0,16.0,2560,1600,windows,1,17
401,413,lenovo,Lenovo IdeaPad Slim 5 82XD005RIN Laptop (13th Gen Core i5/ 16GB/ 512GB SSD/ Win11),841.82,58,intel,core i5,8,12,16,SSD,512,intel,integrated,0,14.0,1920,1200,windows,2,51
402,414,lenovo,Lenovo Legion 5 Pro 82JQ010EIN Laptop (AMD Ryzen 7 5800H/ 16GB/ 512GB SSD/ Win11 Home/ 6GB Graph),1240.06,77,amd,ryzen 7,8,16,16,SSD,512,nvidia,dedicated,0,16.0,2560,1600,windows,1,92
403,415,lenovo,Lenovo IdeaPad 1 82VG00ESIN Laptop (AMD Ryzen 5 7520U / 8GB/ 512GB SSD/ Win11 Home),479.62,57,amd,ryzen 5,4,8,8,SSD,512,amd,integrated,0,15.6,1920,1080,windows,1,14
404,416,msi,MSI CreatorPro Z16 HX B13VKTO-214IN Laptop (13th Gen Core i9/ 64GB/ 2TB SSD/ Win11/ RTX 3000 Ada),5396.91,89,intel,core i9,24,32,4,SSD,2048,nvidia,dedicated,0,16.0,2560,1600,windows,2,81
405,417,lenovo,Lenovo IdeaPad Flex 5 14IRU8 82Y0004TIN Laptop (13th Gen Core i7/ 16GB/ 512GB SSD/ Win11 Home),1079.41,65,intel,core i7,10,12,16,SSD,512,intel,integrated,1,14.0,1920,1200,windows,1,51
406,418,lenovo,Lenovo IdeaPad 3 15IAU7 82RK00XDIN Laptop (12th Gen Core i3/ 8GB/ 256GB SSD/ Win11 Home),419.65,57,intel,core i3,6,8,8,SSD,256,intel,integrated,0,15.6,1920,1080,windows,1,82
407,419,msi,MSI Bravo 15 B7ED-011IN Gaming Laptop (AMD Ryzen 7 7735HS/ 16GB/ 512GB SSD/ Win11 Home/ 4GB Graph),959.35,70,amd,ryzen 7,8,16,16,SSD,512,amd,dedicated,0,15.6,1920,1080,windows,1,69
408,420,hp,HP 14s-dr3002TU Laptop (Intel Celeron N4500/ 8GB/ 512GB SSD/ Win11 Home),347.69,47,intel,celeron,2,2,8,SSD,512,intel,integrated,0,14.0,1366,768,windows,1,127
409,421,acer,Acer TravelMate P2 TMP214-53 Business Laptop (11th Gen Core i7/ 16GB/ 1TB SSD/ Win11 Home),599.55,67,intel,core i7,4,8,16,SSD,1024,intel,integrated,0,14.0,1920,1080,windows,1,44
410,422,acer,Acer Aspire 5 2023 A515-58GM Gaming Laptop (13th Gen Core i5/ 16GB/ 512GB SSD/ Win11/ 4GB Graphics),739.99,65,intel,core i5,10,12,16,SSD,512,nvidia,dedicated,0,15.6,1920,1080,windows,1,47
411,423,lenovo,Lenovo IdeaPad Slim 1 82VG00EVIN Laptop (AMD Ryzen 3 7320U/ 8GB/ 512GB SSD/ Win11 Home),395.66,57,amd,ryzen 3,4,8,8,SSD,512,amd,integrated,0,15.6,1920,1080,windows,1,14
412,424,lenovo,Lenovo IdeaPad Gaming 3 82K101PCIN Laptop (11th Gen Core i5/ 8GB/ 512GB SSD/ Win11 Home/ 4GB Graph),599.55,67,intel,core i5,4,8,8,SSD,512,nvidia,dedicated,0,15.6,1920,1080,windows,1,148
413,425,asus,Asus Vivobook 16 2023 X1605VA-MB957WS Laptop (13th Gen Core i9/ 16GB/ 1TB SSD/ Win11 Home),1039.7,73,intel,core i9,14,20,16,SSD,1024,intel,integrated,0,16.0,1920,1200,windows,1,25
414,426,acer,Acer Chromebook CB314-3H NX.K04SI.007 Laptop (Intel Celeron N4500/ 8GB/ 128GB SSD/ Chrome OS),305.71,38,intel,celeron,2,2,8,SSD,128,intel,integrated,0,14.0,1280,1024,chrome,1,36
415,427,dell,Dell Inspiron 15 3511 IN35117W5CCS01ORB1 Laptop (11th Gen Core i5/ 8GB/ 512GB SSD/ Win11),815.89,53,intel,core i5,4,8,8,SSD,512,intel,integrated,0,15.6,1920,1080,windows,1,91
416,428,hp,HP Zbook FireFly 14 G8 4F0W6PA Laptop (11th Gen Core i5/ 16GB/ 512GB SSD/ Win11 ),1079.39,70,intel,core i5,4,8,16,SSD,512,intel,integrated,0,14.0,1920,1080,windows,1,46
417,429,asus,Asus Vivobook S14 Flip TN3402QA-LZ551WS Laptop (AMD Ryzen 5 5600H/ 16GB/ 1TB SSD/Win11),832.79,58,amd,ryzen 5,6,12,16,SSD,1024,amd,integrated,1,14.0,1920,1200,windows,1,68
418,430,asus,Asus Vivobook S14 Flip TN3402QA-LZ751WS Laptop (AMD Ryzen 7/ 16GB/ 1TB SSD/Win11),887.39,62,amd,ryzen 7,8,16,16,SSD,1024,amd,integrated,1,14.0,1920,1200,windows,1,68
419,431,lenovo,Lenovo IdeaPad 1 15AMN7 82VG00J5IN Laptop (AMD Ryzen 5 7520U / 8GB/ 512GB SSD/ Win11 Home),479.62,58,amd,ryzen 5,4,8,8,SSD,512,amd,integrated,0,15.6,1920,1080,windows,1,14
420,432,lenovo,Lenovo IdeaPad Gaming 3 82SB00V4IN Laptop (AMD Ryzen 5 6600H/ 8GB/ 512GB SSD/ Win11 Home/ 4GB Graph),764.12,60,amd,ryzen 5,6,12,8,SSD,512,nvidia,dedicated,0,15.6,1920,1080,windows,1,50
421,433,lenovo,Lenovo IdeaPad Gaming 3 82K2028AIN Laptop (AMD Ryzen 5 5600H/ 8GB/ 512GB SSD/ Win11 Home/ 4GB Graph),599.55,62,amd,ryzen 5,4,8,8,SSD,512,nvidia,dedicated,0,15.6,1920,1080,windows,1,50
422,434,lenovo,Lenovo IdeaPad Slim 3 82RK011DIN Laptop (12th Gen Core i3/ 8GB/ 256GB SSD/ Win11),395.66,51,intel,core i3,6,8,8,SSD,256,intel,integrated,0,15.6,1920,1080,windows,1,82
423,435,dell,Dell Vostro 3520 Laptop (11th Gen Core i5/ 8GB/ 512GB SSD/ Win11),675.71,57,intel,core i5,4,8,8,SSD,512,intel,integrated,0,15.6,1920,1080,windows,1,91
424,436,lenovo,Lenovo IdeaPad 1 15AMN7 82VG00EQIN Laptop (AMD Athlon 7120U / 8GB/ 512GB SSD/ Win11 Home),362.08,46,amd,other,2,2,8,SSD,512,amd,integrated,0,15.6,1366,768,windows,1,35
425,437,dell,Dell Inspiron 15 3520 IN352092K4N001ORS1 Laptop (12th Gen Core i5/ 16GB/ 512GB SSD/ Win11),682.18,57,intel,core i5,10,12,16,SSD,512,intel,integrated,0,15.6,1920,1080,windows,1,107
426,438,dell,Dell Vostro 3530 Laptop (13th Gen Core i5/ 8GB/ 512GB SSD/ Win11),683.5,56,intel,core i5,10,12,8,SSD,512,intel,integrated,0,15.6,1920,1080,windows,1,15
427,439,acer,Acer Aspire 5 A515-57 UN.K3JSI.013 Laptop (12th Gen Core i3/ 16GB/ 512GB SSD/ Win11 Home),479.62,58,intel,core i3,6,8,16,SSD,512,intel,integrated,0,15.6,1920,1080,windows,1,4
428,440,lenovo,Lenovo V14 G4 Laptop (AMD Ryzen 3 7320U / 8GB/ 512GB SSD/ Win11 Home),359.68,51,amd,ryzen 3,4,8,8,SSD,512,amd,integrated,0,14.0,1920,1080,windows,1,48
429,441,lenovo,Lenovo V15 G3 82TTA02UIH Laptop (12th Gen Core i5/ 8GB/ 512GB SSD/ Win11),563.57,63,intel,core i5,10,12,8,SSD,512,intel,integrated,0,15.6,1920,1080,windows,1,146
430,442,dell,Dell Inspiron 3520 15 Laptop (12th Gen Core i5/ 8GB/ 512GB SSD/ Win11),611.54,57,intel,core i5,10,12,8,SSD,512,intel,integrated,0,15.6,1920,1080,windows,1,15
431,443,lenovo,Lenovo Thinkpad E15 G4 21DJA0Y0IN Laptop (12th Gen Core i7/ 16GB/ 512GB SSD/ Win11 Home),659.52,64,intel,core i7,10,12,16,SSD,512,intel,integrated,0,15.6,1920,1080,windows,1,107
432,444,dell,Dell Vostro 3525 Laptop (AMD Ryzen 5-5500U/ 8GB/ 512GB SSD/ Win11),467.62,56,amd,ryzen 5,6,12,8,SSD,512,amd,integrated,0,15.6,1920,1080,windows,1,102
433,445,msi,MSI Creator Pro M16 B13VJ-1272IN Gaming Laptop (13th Gen Core i7/ 32GB/ 1TB SSD/ Win 11/ 8GB Graph),2357.66,83,intel,core i7,14,20,32,SSD,1024,nvidia,dedicated,0,16.0,1920,1200,windows,2,26
434,446,asus,Asus ROG Strix G16 2023 G614JJ-N3088WS Gaming Laptop (13th Gen Core i5/ 16GB/ 1TB SSD/ Win11/ 6GB Graph),1199.22,70,intel,core i5,10,16,16,SSD,1024,nvidia,dedicated,0,16.0,1920,1200,windows,1,20
435,447,hp,HP 240 G9 821J4PA Laptop (12th Gen Core i5/ 8GB/ 512 GB SSD/ Win11),899.49,64,intel,core i5,10,12,8,SSD,512,intel,integrated,0,14.0,1366,768,windows,1,112
436,448,lenovo,Lenovo IdeaPad Slim 3i 82X70032IN Laptop (13th Gen Core i3/ 8GB/ 512GB SSD/ Win11 Home),509.71,43,intel,core i3,5,6,8,SSD,512,intel,integrated,0,15.6,1920,1080,windows,1,82
437,449,lenovo,Lenovo IdeaPad Flex 5 Gen 8 82XX0070IN Laptop (AMD Ryzen 5 7530U/ 16GB/ 512GB SSD/ Win11 Home),815.43,69,amd,ryzen 5,6,12,16,SSD,512,amd,integrated,1,14.0,1920,1200,windows,1,62
438,450,asus,Asus ROG Strix G17 G713RC-HX109WS Gaming Laptop (AMD Ryzen 7 6800H/ 16GB/ 512GB SSD/ Win11/ 4GB Graph),1033.7,71,amd,ryzen 7,8,16,16,SSD,512,nvidia,dedicated,0,17.3,1920,1080,windows,1,43
439,451,lenovo,Lenovo IdeaPad 3 82H802L3IN Laptop (11th Gen Core i3/ 8GB/ 512GB SSD/ Win11 Home),439.56,58,intel,core i3,2,4,8,SSD,512,intel,integrated,0,15.6,1920,1080,windows,1,73
440,452,hp,HP ZBook Firefly 16 G9 6V2X7PA Workstation PC Laptop (12th Gen Core i7/ 16GB/ 1TB SSD/ Win11),1367.23,75,intel,core i7,10,12,16,SSD,1024,intel,integrated,0,16.0,1920,1200,windows,1,25
441,453,dell,Dell Inspiron 3530 15 Laptop (13th Gen Core i5/ 16GB/ 1TB SSD/ Win11 Home),791.44,57,intel,core i5,10,12,16,SSD,1024,intel,integrated,0,15.6,1920,1080,windows,1,42
442,454,lenovo,Lenovo IdeaPad Slim 3 82H803HPIN Laptop (11th Gen Core i5/ 16GB/ 512GB SSD/ Win11 Home),587.56,59,intel,core i5,4,8,16,SSD,512,intel,integrated,0,15.6,1920,1080,windows,1,4
443,455,lenovo,Lenovo IdeaPad Gaming 3 15IHU6 82K101PCIN Laptop (11th Gen Core i5/ 8GB/ 512GB SSD/ Win11/ 4GB Graph),599.55,65,intel,core i5,4,8,8,SSD,512,nvidia,dedicated,0,15.6,1920,1080,windows,1,148
444,456,acer,Acer Aspire Lite 15 AL15-51 Laptop (11th Gen Core i3/16GB/ 512GB SSD/ Win11),419.65,62,intel,core i3,2,4,16,SSD,512,intel,integrated,0,15.6,1920,1080,windows,1,4
445,457,lenovo,Lenovo Yoga 6 13ABR8 83B2007UIN Laptop (AMD Ryzen 7 7730U/ 16GB/ 1TB SSD/ Win11 Home),1043.31,71,amd,ryzen 7,8,16,16,SSD,1024,amd,integrated,1,13.3,1920,1200,windows,1,68
446,458,lenovo,Lenovo IdeaPad Flex 5 82R900D4IN Laptop (AMD Ryzen 7 5700U/ 16GB/ 512GB SSD/ Win11 Home),791.44,63,amd,ryzen 7,8,16,16,SSD,512,amd,integrated,1,14.0,1920,1200,windows,1,62
447,459,microsoft,Microsoft Surface Laptop Go 3 (12th Gen Core i5/ 16 GB RAM/ 256 GB SSD/ Win 11),1169.24,60,intel,core i5,10,12,16,SSD,256,intel,integrated,1,12.4,1536,1024,windows,1,77
448,460,ultimus,Ultimus Neo NU14U3INT54BN Laptop (10th Gen Core i3/ 8GB/ 256GB SSD/Win11 Home),274.8,52,intel,core i3,2,4,8,SSD,256,intel,integrated,0,14.1,1920,1080,windows,1,89
449,461,lenovo,Lenovo Legion Slim 7 16IRH8 82Y3007QIN Gaming Laptop (13th Gen Core i9/ 16GB/ 1TB SSD/ Win11 Home/ 8GB Graph),2230.65,89,intel,core i9,14,20,16,SSD,1024,nvidia,dedicated,0,16.0,3200,2000,windows,1,99
450,462,dell,Dell Inspiron 7430 2023 Laptop (13th Gen Core i7/ 16GB/ 1TB SSD/ Win11),1193.1,62,intel,core i7,10,12,16,SSD,1024,intel,integrated,1,14.0,1920,1200,windows,1,5
451,463,lenovo,Lenovo Legion Slim 5 16APH8 82Y90042IN Gaming Laptop (AMD Ryzen 7 7840HS/ 16GB/ 512GB SSD/ Win11/ 8GB Graph),1547.03,83,amd,ryzen 7,8,16,16,SSD,512,nvidia,dedicated,0,16.0,2560,1600,windows,1,92
452,464,lenovo,Lenovo Legion Slim 5 82Y9009KIN Gaming Laptop (AMD Ryzen 7 7840HS/ 16GB/ 512GB SSD/ Win11/ 6GB Graph),1367.13,79,amd,ryzen 7,8,16,16,SSD,512,nvidia,dedicated,0,16.0,1920,1200,windows,1,114
453,465,hp,HP Victus 15-fb0158AX Gaming Laptop (AMD Ryzen 5 5600H/ 8GB/ 512GB SSD/ Win11/ 4GB Graph),623.54,67,amd,ryzen 5,6,12,8,SSD,512,amd,dedicated,0,15.6,1920,1080,windows,1,28
454,466,lenovo,Lenovo IdeaPad Gaming 3 15IHU6 82K101PBIN Laptop (11th Gen Core i5/ 8GB/ 512GB SSD/ Win11 Home/ 4GB Graph),623.54,67,intel,core i5,4,8,8,SSD,512,nvidia,dedicated,0,15.6,1920,1080,windows,1,148
455,467,hp,HP Pavilion x360 14-ek1021TU Laptop (13th Gen Core i7/ 16GB/ 512GB SSD/ Win11),1087.67,70,intel,core i7,10,12,16,SSD,512,intel,integrated,1,14.0,1920,1080,windows,1,9
456,468,lenovo,Lenovo IdeaPad Gaming 3 15IAH7 82S9014LIN Laptop (12th Gen Core i5/ 16GB/ 512GB SSD/ Win11 Home/ 4GB Graph),839.42,66,intel,core i5,8,12,16,SSD,512,nvidia,dedicated,0,15.6,1920,1080,windows,1,111
457,469,lenovo,Lenovo S14 Gen 3 82TW001DIH Laptop (12th Gen Core i5/ 8GB/ 512GB SSD/ Win11),575.56,56,intel,core i5,10,12,8,SSD,512,intel,integrated,0,14.0,1920,1080,windows,3,0
458,470,lenovo,Lenovo Yoga Pro 7 82Y700A2IN Laptop (13th Gen Core i7/ 16GB/ 1TB SSD/ Win11 Home),1201.62,65,intel,core i7,14,20,16,SSD,1024,intel,integrated,0,14.5,2560,1600,windows,1,61
459,471,hp,HP 15-fc0027AU Laptop (AMD Ryzen 3 7320U/ 8GB/ 512GB SSD/ Win11 Home),480.93,57,amd,ryzen 3,4,8,8,SSD,512,amd,integrated,0,15.6,1920,1080,windows,1,139
460,472,lenovo,Lenovo Legion Slim 5 16APH8 82Y9008MIN Gaming Laptop (AMD Ryzen 7 7840HS/ 16GB/ 512GB SSD/ Win11/ 8GB Graph),1648.97,83,amd,ryzen 7,8,16,16,SSD,512,nvidia,dedicated,0,16.0,2560,1600,windows,1,92
461,473,lenovo,Lenovo ThinkBook 15 Gen 5 21JF0026MJ Laptop (AMD Ryzen 7 7730U/ 16GB/ 512GB SSD/ Win11),647.52,69,amd,ryzen 7,8,16,16,SSD,512,amd,integrated,0,16.0,1920,1080,windows,1,132
462,474,acer,Acer Aspire 5 A515-58M NX.KHFSI.003 Gaming Laptop (13th Gen Core i3/ 8GB/ 512GB SSD/ Win11 Home),515.6,50,intel,core i3,5,6,8,SSD,512,intel,integrated,0,15.6,1920,1080,windows,1,137
463,475,asus,Asus VivoBook 15 X515MA-BR022WS Laptop (Celeron N4020/ 8GB/ 512GB SSD/ Win11 Home),338.09,43,intel,celeron,2,2,8,SSD,512,intel,integrated,0,15.6,1366,768,windows,1,16
464,476,fujitsu,Fujitsu CH 4ZR1L82434 Laptop (13th Gen Core i7/ 16GB/ 512GB SSD/ Win11),887.39,67,intel,core i7,10,12,16,SSD,512,intel,integrated,0,13.3,1920,1080,windows,2,9
465,477,asus,Asus Vivobook 15X OLED M3504YA-LK752WS Laptop (AMD Ryzen 7 7730U/ 16GB/ 1TB SSD/ Win11 Home),881.07,67,amd,ryzen 7,8,16,16,SSD,1024,amd,integrated,0,15.6,1920,1080,windows,1,116
466,478,asus,Asus Vivobook 15 X1502ZA-EJ993WS Laptop (12th Gen Core i3/ 16GB/ 512GB SSD/ Win11),539.58,59,intel,core i3,6,8,16,SSD,512,intel,integrated,0,15.6,1920,1080,windows,1,4
467,479,asus,Asus Vivobook 15 X1504ZA-NJ542WS Laptop (12th Gen Core i5/ 16GB/ 512GB SSD/ Win11),724.15,60,intel,core i5,10,12,16,SSD,512,intel,integrated,0,15.6,1920,1080,windows,1,31
468,480,hp,HP Pavilion 15-eg3018TU Laptop (13th Gen Core i5/ 16GB/ 1TB SSD/ Win11 Home),910.18,59,intel,core i5,10,12,16,SSD,1024,intel,integrated,0,15.6,1920,1080,windows,1,25
469,481,hp,HP 15s-fq3066TU Laptop (Intel Celeron N4500/ 8GB/ 512GB SSD/ Win11 Home),335.7,51,intel,celeron,2,2,8,SSD,512,intel,integrated,0,15.6,1366,768,windows,1,16
470,482,lenovo,Lenovo Ideapad 3 15ITL06 82H803GUIN Laptop (11th Gen Core i3/ 8GB/ 512GB SSD/ Win11),443.76,52,intel,core i3,2,4,8,SSD,512,intel,integrated,0,15.6,1920,1080,windows,1,73
471,483,lenovo,Lenovo IdeaPad Flex 5 82Y00053IN Laptop (13th Gen Core i7/ 16GB/ 512GB SSD/ Win11 Home),1057.7,58,intel,core i7,10,12,16,SSD,512,intel,integrated,1,14.0,1920,1200,windows,1,51
472,484,lenovo,Lenovo IdeaPad 3 82H803HRIN Laptop (11th Gen Core i7/ 16GB/ 512GB SSD/ Win11 Home),755.46,60,intel,core i7,4,8,16,SSD,512,intel,integrated,0,15.6,1920,1080,windows,1,4
473,485,asus,Asus Vivobook Pro 15 M6500QC-HN751WS Laptop (AMD Ryzen 7 5800HS/ 16 GB RAM/ 1 TB SSD/ Win 11/ 4 GB Graphics),887.39,64,amd,ryzen 7,8,16,16,SSD,1024,nvidia,dedicated,0,15.6,1920,1080,windows,1,96
474,486,asus,Asus Vivobook Pro 15 M6500QC-HN551WS Laptop (AMD Ryzen 5 5600HS/ 16 GB RAM/ 1 TB SSD/ Win 11/ 4 GB Graphics),839.42,63,amd,ryzen 5,6,12,16,SSD,1024,nvidia,dedicated,0,15.6,1920,1080,windows,1,96
475,487,lenovo,Lenovo Ideapad Slim 5 82XE004QIN Laptop (AMD Ryzen 5 7530U/ 16 GB RAM/ 512 GB SSD/ Win 11),796.23,62,amd,ryzen 5,6,12,16,SSD,512,amd,integrated,0,14.0,1920,1200,windows,1,62
476,488,hp,HP 250 G9 7N179PA Laptop (12th Gen Core i5/ 8 GB RAM/ 512 GB SSD/ Win 11),731.58,58,intel,core i5,10,12,8,SSD,512,intel,integrated,0,15.6,1366,768,windows,1,41
477,489,lenovo,Lenovo Ideapad Slim 5 82XF007CIN Laptop (13th Gen Core i5/ 16 GB RAM/ 1 TB SSD/ Win 11),863.4,58,intel,core i5,12,16,16,SSD,1024,intel,integrated,0,16.0,1920,1200,windows,1,25
478,490,lenovo,Lenovo IdeaPad Slim 5i 83BG000DIN Laptop (12th Gen Core i5/ 16 GB RAM/ 512 GB SSD/ Win 11),741.9,58,intel,core i5,8,12,16,SSD,512,intel,integrated,0,16.0,1920,1200,windows,1,107
479,491,asus,Asus Vivobook 16X 2023 K3605ZC-MBN752WS Laptop (12th Gen Core i7/ 16GB/ 1TB SSD/ Win11 Home/ 4GB Graph),1187.23,73,intel,core i7,10,16,16,SSD,1024,nvidia,dedicated,0,16.0,1920,1200,windows,1,20
480,492,lenovo,Lenovo IdeaPad Slim 3 82RK00VVIN Laptop (12th Gen Core i3/ 8GB/ 512GB SSD/ Win11),443.64,53,intel,core i3,6,8,8,SSD,512,intel,integrated,0,15.6,1920,1080,windows,1,82
481,493,dell,Dell Inspiron 3530 IN3530RW8JY001ORS1 Laptop (13th Gen Core i5/ 8GB/ 1TB SSD/ Win11 Home),719.48,53,intel,core i5,10,12,8,SSD,1024,intel,integrated,0,15.6,1920,1080,windows,1,42
482,494,acer,Acer Aspire 7 A715-76G UN.QMYSI.002 Gaming Laptop (12th Gen Core i5/ 16GB/ 512GB SSD/ Win11 Home/ 4GB Graph),683.5,72,intel,core i5,8,12,16,SSD,512,nvidia,dedicated,0,15.6,1920,1080,windows,1,47
483,495,acer,Acer Aspire 7 A715-76G NH.QMYSI.001 Gaming Laptop (12th Gen Core i5/ 8GB/ 512GB SSD/ Win11 Home/ 4GB Graph),635.53,70,intel,core i5,8,12,8,SSD,512,nvidia,dedicated,0,15.6,1920,1080,windows,1,130
484,496,asus,Asus TUF Gaming F15 90NR0GW1-M00F00 Laptop (12th Gen Core i7/ 16GB/ 1TB SSD/ Win11/ 4GB Graph),1091.28,64,intel,core i7,14,20,16,SSD,1024,nvidia,dedicated,0,15.6,1920,1080,windows,1,10
485,497,asus,Asus Vivobook 16X 2023 K3605ZV-MBN741WS Laptop (12th Gen Core i7/ 16GB/ 512GB SSD/ Win11),1379.12,72,intel,core i7,10,16,16,SSD,512,nvidia,dedicated,0,16.0,1920,1200,windows,1,3
486,498,asus,Asus Chromebook CX1400CKA-EK0257 Laptop (Celeron N4500/ 4GB/ 64GB eMMC/ Chrome OS),203.77,37,intel,celeron,2,2,4,SSD,64,intel,integrated,0,14.0,1920,1080,chrome,1,2
487,499,asus,Asus Chromebook CX1400FKA-EC0158 Laptop (Celeron N4500/ 4GB/ 64GB eMMC/ Chrome OS),308.84,41,intel,celeron,2,2,4,SSD,64,intel,integrated,1,14.0,1920,1080,chrome,1,2
488,500,asus,Asus Chromebook CX1400CKA-EK0335 Laptop (Celeron N4500/ 4GB/ 128GB eMMC/ Chrome OS),227.75,37,intel,celeron,2,2,4,SSD,128,intel,integrated,0,14.0,1920,1080,chrome,1,2
489,501,asus,Asus Vivobook 16 2023 X1605ZAB-MB322WS Laptop (12th Gen Core i3/ 8GB/ 512GB SSD/ Win11 Home),535.37,57,intel,core i3,6,8,8,SSD,512,intel,integrated,0,16.0,1920,1200,windows,1,93
490,502,hp,HP 250 G9 7M659PA Laptop (12th Gen Core i3/ 8GB/ 512GB SSD/ Win11),533.59,62,intel,core i3,6,8,8,SSD,512,intel,integrated,0,15.6,1366,768,windows,1,41
491,503,asus,Asus Chromebook CX1500CKA-EJ0275 Laptop (Celeron N4500/ 8GB/ 64GB eMMC/ Chrome OS),275.74,37,intel,celeron,2,2,8,SSD,64,intel,integrated,0,15.6,1920,1080,chrome,1,2
492,504,gigabyte,Gigabyte G5 KF-E3IN313SH Laptop (12th Gen Core i5/ 8GB/ 512GB SSD/ Win11 Home/ 8GB Graph),1079.29,73,intel,core i5,12,16,8,SSD,512,nvidia,dedicated,0,15.6,1920,1080,windows,2,122
493,505,lenovo,Lenovo IdeaPad Slim 5 16IAH8 83BG000PIN Laptop (12th Gen Core i5/ 16GB/ 512GB SSD/ Win11),745.87,63,intel,core i5,8,12,16,SSD,512,intel,integrated,0,16.0,1920,1200,windows,1,107
494,506,asus,Asus Vivobook 16X K3605ZU-MBN742WS Laptop (12th Gen Core i7/ 16 GB RAM/ 512 GB SSD/ Win 11/ 6GB Graphics),1180.97,72,intel,core i7,10,16,16,SSD,512,nvidia,dedicated,0,16.0,1920,1200,windows,1,3
495,507,lenovo,Lenovo IdeaPad Flex 5 82Y0004YIN Laptop (13th Gen Core i3/ 8GB/ 512GB SSD/ Win11 Home),707.49,58,intel,core i3,6,8,8,SSD,512,intel,integrated,1,14.0,1920,1200,windows,1,0
496,508,lenovo,Lenovo IdeaPad Slim 5 14IAH8 83BF000UIN Laptop (12th Gen Core i5/ 16GB/ 512GB SSD/ Win11),721.88,59,intel,core i5,8,12,16,SSD,512,intel,integrated,0,14.0,1920,1080,windows,1,51
497,509,fujitsu,Fujitsu UH-X 4ZR1M37246 Laptop (13th Gen Core i5/ 16GB/ 512GB SSD/ Win11),887.39,65,intel,core i5,10,12,16,SSD,512,intel,integrated,0,14.0,1920,1200,windows,2,9
498,510,lenovo,Lenovo IdeaPad Slim 5 82XE0072IN Laptop (AMD Ryzen 7 7730U/ 16GB/ 512GB SSD/ Win11),769.86,69,amd,ryzen 7,8,16,16,SSD,512,amd,integrated,0,14.0,1920,1200,windows,1,62
499,511,lenovo,Lenovo IdeaPad Slim 3 82XQ008UIN Laptop (AMD Ryzen 5 7520U/ 8GB/ 512GB SSD/ Win11 Home),503.6,58,amd,ryzen 5,4,8,8,SSD,512,amd,integrated,0,15.6,1920,1080,windows,1,14
500,512,lenovo,Lenovo IdeaPad Slim 3 82XQ0096IN Laptop (AMD Ryzen 5 7520U/ 16GB/ 512GB SSD/ Win11 Home),539.58,60,amd,ryzen 5,4,8,16,SSD,512,amd,integrated,0,15.6,1920,1080,windows,1,147
501,513,lenovo,Lenovo V15 G3 IAP 82TT004VIH Laptop (12th Gen Core i5/ 8GB/ 512GB SSD/ DOS),545.58,56,intel,core i5,10,12,8,SSD,512,intel,integrated,0,15.6,1920,1080,dos,1,75
502,514,asus,Asus Vivobook 16X K3605ZC-MBN542WS Laptop (12th Gen Core i5/ 16 GB RAM/ 512 GB SSD/ Win 11/ 4 GB Graphics),911.38,65,intel,core i5,8,12,16,SSD,512,nvidia,dedicated,0,16.0,1920,1200,windows,1,3
503,515,asus,Asus Vivobook 16X K3605ZC-MBN541WS Laptop (12th Gen Core i5/ 16 GB RAM/ 512 GB SSD/ Win 11/ 4 GB Graphics),911.38,66,intel,core i5,8,12,16,SSD,512,nvidia,dedicated,0,16.0,1920,1200,windows,1,3
504,516,asus,Asus Vivobook 16X K3605ZU-MBN541WS Laptop (12th Gen Core i5/ 16 GB RAM/ 512 GB SSD/ Win 11/ 6GB Graphics),1131.8,70,intel,core i5,8,12,16,SSD,512,nvidia,dedicated,0,16.0,1920,1200,windows,1,3
505,517,msi,MSI Thin GF63 11UC-1291IN Gaming Laptop (11th Gen Core i5/ 16GB/ 512GB SSD/ Win11 Home/ 4GB Graph),755.46,71,intel,core i5,6,12,16,SSD,512,nvidia,dedicated,0,15.6,1920,1080,windows,2,7
506,518,lenovo,Lenovo Thinkpad E15 21E6S0W700 Laptop (12th Gen Core i3/ 8GB/ 512GB SSD/ Win11 Home),569.57,65,intel,core i3,6,8,8,SSD,512,intel,integrated,0,15.6,1920,1080,windows,1,82
507,519,msi,MSI Katana 15 B12UDXK-1004IN Gaming Laptop (12th Gen Core i7/ 16GB/ 512GB SSD/ Win11 Home/ 6GB Graph),1139.25,76,intel,core i7,10,16,16,SSD,512,nvidia,dedicated,0,15.6,1920,1080,windows,2,7
508,520,acer,Acer TMP214-41-G3 UN.VSQSI.007 Notebook (AMD Ryzen 5 5500U/ 16GB/ 512GB SSD/ Win11 Home),443.64,63,amd,ryzen 5,6,12,16,SSD,512,amd,integrated,0,14.0,1366,768,windows,1,106
509,521,acer,Acer TMP214-41-G3 UN.VSQSI.006 Notebook (AMD Ryzen 5 5500U/ 8GB/ 512GB SSD/ Win11 Home),503.6,60,amd,ryzen 5,6,12,8,SSD,512,amd,integrated,0,14.0,1366,768,windows,1,106
510,522,asus,Asus VivoBook 15 X1504ZA-NJ326WS Laptop (12th Gen Core i3/ 8GB/ 512GB SSD/ Win11 Home),490.84,57,intel,core i3,6,8,8,SSD,512,intel,integrated,0,15.6,1920,1080,windows,1,93
511,523,asus,Asus Vivobook Pro 15 OLED M6500QC-LK541WS Laptop (Ryzen 5 5600H/ 16GB/ 512GB SSD/ Win11/ 4GB Graph),858.73,62,amd,ryzen 5,6,12,16,SSD,512,nvidia,dedicated,0,15.6,1920,1080,windows,1,85
512,524,asus,Asus Vivobook Go 14 2023 E1404FA-NK327WS Laptop (Ryzen 3 7320U / 8GB/ 512GB SSD/ Win11 Home),407.66,56,amd,ryzen 3,4,8,8,SSD,512,amd,integrated,0,14.0,1920,1080,windows,1,48
513,525,hp,HP Omen 16-xf0043AX Gaming Laptop (AMD Ryzen 9 7940HS/ 32GB/ 1TB SSD/ Win11/ 8GB Graph),2194.67,78,amd,ryzen 9,8,16,32,SSD,1024,nvidia,dedicated,0,16.1,2560,1440,windows,1,144
514,526,dell,Dell Vostro 3520 Laptop (11th Gen Core i3/ 8GB/ 512GB SSD/ Win11),449.63,58,intel,core i3,2,4,8,SSD,512,intel,integrated,0,15.6,1920,1080,windows,1,91
515,527,dell,Dell Inspiron 5430 IN54308DXWP001ORS1 Laptop (13th Gen Core i7/ 16GB/ 1TB SSD/ Win11),1031.31,57,intel,core i7,10,12,16,SSD,1024,intel,integrated,0,14.0,1920,1080,windows,1,5
516,528,asus,Asus TUF Gaming F15 FX506HF-HN076W Gaming Laptop (11th Gen Core i5/ 16GB/ 512GB SSD/ Win11/ 4GB Graph),695.5,69,intel,core i5,6,12,16,SSD,512,nvidia,dedicated,0,15.6,1920,1080,windows,1,3
517,529,hp,HP Victus 15-fb1018AX Gaming Laptop (AMD Ryzen 5 7535HS/ 8GB/ 512GB SSD/ Win11/ 4GB Graph),696.46,63,amd,ryzen 5,6,12,8,SSD,512,nvidia,dedicated,0,15.6,1920,1080,windows,1,11
518,530,fujitsu,Fujitsu UH-X 4ZR1L73352 2-in-1 Laptop (13th Gen Core i7/ 16GB/ 1TB SSD/ Win11),1319.15,76,intel,core i7,12,16,16,SSD,1024,intel,integrated,1,14.0,1920,1200,windows,2,110
519,531,hp,HP 15S-EQ1550AU Laptop (AMD Ryzen 3 3250U/ 8 GB RAM/ 512 GB SSD/ Win 11),383.67,51,amd,ryzen 3,2,4,8,SSD,512,amd,integrated,0,15.6,1920,1080,windows,1,139
520,532,hp,HP Omen 16-wf0056TX 834U0PA Gaming Laptop (13th Gen Core i7/ 16 GB RAM/ 512 GB SSD/ Win 11/ 8 GB Graphics),1834.87,70,intel,core i7,16,24,16,SSD,512,nvidia,dedicated,0,16.1,1920,1080,windows,1,30
521,533,lenovo,Lenovo IdeaPad Gaming 3i 82K101GTIN Laptop (11th Gen Core i5/ 8 GB RAM/ 512 GB SSD/ Win 11/ 4 GB Graphics),705.81,64,intel,core i5,4,8,8,SSD,512,nvidia,dedicated,0,15.6,1920,1080,windows,1,148
522,534,dell,Dell Alienware x15 R2 D569947WIN9 Gaming Laptop (12th Gen Core i9/ 32 GB RAM/ 1 TB SSD/ Win 11/ 8 GB Graphics),2677.82,78,intel,core i9,14,20,32,SSD,1024,nvidia,dedicated,0,15.6,1920,1080,windows,1,26
523,535,asus,Asus Vivobook Pro 15 M6500QF-HN541WS Creator Laptop (AMD Ryzen 5 5600H/ 16 GB RAM/ 512 GB SSD/ Win 11/ 4 GB Graphics),719.48,63,amd,ryzen 5,6,12,16,SSD,512,nvidia,dedicated,0,15.6,1920,1080,windows,1,85
524,536,lenovo,Lenovo IdeaPad Slim 5 14IAH8 83BF0045IN Laptop (12th Gen Core i5/ 16GB/ 1TB SSD/ Win11),767.46,60,intel,core i5,8,12,16,SSD,1024,intel,integrated,0,14.0,1920,1200,windows,1,5
525,537,wings,Wings Nuvobook S2 Laptop (11th Gen Core i3/ 8GB/ 512GB SSD/ Win11),323.7,51,intel,core i3,4,8,8,SSD,512,intel,integrated,0,15.6,1080,1920,windows,1,8
526,538,acer,Acer Aspire 3 Spin 14 NX.KENSI.002 Laptop (Intel Core i3 N305/ 8GB/ 512GB SSD/ Win11 Home),497.61,45,intel,core i3,8,8,8,SSD,512,intel,integrated,0,14.0,1920,1200,windows,1,56
527,539,lenovo,Lenovo IdeaPad Slim 5 16IRL8 82XF003GIN Laptop (13th Gen Core i5/ 16GB/ 512GB SSD/ Win11),841.82,60,intel,core i5,12,16,16,SSD,512,intel,integrated,0,16.0,1920,1200,windows,1,128
528,540,lenovo,Lenovo IdeaPad 3 15ITL6 82H803GSIN Laptop (11th Gen Core i3/ 8GB/ 512GB SSD/ Win11 Home),440.04,60,intel,core i3,2,4,8,SSD,512,intel,integrated,0,15.6,1920,1080,windows,1,73
529,541,lenovo,Lenovo IdeaPad Slim 5 82XD003NIN Laptop (13th Gen Core i5/ 16GB/ 512GB SSD/ Win11),805.84,62,intel,core i5,8,12,16,SSD,512,intel,integrated,0,14.0,1920,1200,windows,2,51
530,542,infinix,Infinix INBook X3 Slim Series XL422 Laptop (12th Gen Core i7/ 16GB/ 512GB SSD/ Win 11 Home),539.58,57,intel,core i7,10,12,16,SSD,512,intel,integrated,0,14.0,1920,1080,windows,1,53
531,543,lenovo,Lenovo V15 82KB00RJIH Laptop (11th Gen Core i5/ 16GB/ 512GB SSD/ Win11 Home),563.57,65,intel,core i5,4,8,16,SSD,512,intel,integrated,0,15.6,1920,1080,windows,1,4
532,544,dell,Dell Inspiron 3530 2023 Laptop (13th Gen Core i3/ 8GB/ 1TB SSD/ Win11 Home),550.14,56,intel,core i3,5,6,8,SSD,1024,intel,integrated,0,15.6,1920,1080,windows,1,63
533,545,dell,Dell Inspiron 3520 Laptop (11th Gen Core i3/ 8GB/ 512GB SSD/ Win11),459.93,58,intel,core i3,2,4,8,SSD,512,intel,integrated,0,15.6,1920,1080,windows,1,91
534,546,lenovo,Lenovo IdeaPad Slim 5 16IRL8 82XF003JIN Laptop (13th Gen Core i7/ 16GB/ 512GB SSD/ Win11),1009.72,64,intel,core i7,14,20,16,SSD,512,intel,integrated,0,16.0,1920,1080,windows,1,128
535,547,lenovo,Lenovo IdeaPad Slim 5i 82XD0040IN Laptop (13th Gen Core i7/ 16GB/ 512GB SSD/ Win11),1043.31,62,intel,core i7,10,16,16,SSD,512,intel,integrated,0,14.0,1920,1200,windows,1,51
536,548,dell,Dell Inspiron 13 5330 Laptop (13th Gen Core i7/ 16GB/ 1TB SSD/ Win11),1187.23,63,intel,core i7,12,16,16,SSD,1024,intel,integrated,0,13.3,2560,1600,windows,1,76
537,549,dell,Dell Inspiron 3525 Laptop (AMD Ryzen R3 5300U/ 8GB/ 512GB SSD/ Win11),395.66,58,amd,ryzen 3,4,8,8,SSD,512,amd,integrated,0,15.6,1920,1080,windows,1,102
538,550,dell,Dell Inspiron 5330 2023 Laptop (13th Gen Core i5/ 16GB/ 1TB SSD/ Win11),1049.3,62,intel,core i5,12,16,16,SSD,1024,intel,integrated,0,13.3,2560,1600,windows,1,76
539,551,dell,Dell Inspiron 3535 2023 Laptop (AMD Ryzen R5-7520U/ 8GB/ 1TB SSD/ Win11),575.56,54,amd,ryzen 5,4,8,8,SSD,1024,amd,integrated,0,15.6,1920,1080,windows,1,63
540,552,dell,Dell Inspiron 7430 2023 2 in 1 Laptop (13th Gen Core i5/ 8GB/ 1TB SSD/ Win11),929.37,59,intel,core i5,10,12,8,SSD,1024,intel,integrated,1,14.0,1920,1200,windows,1,134
541,553,dell,Dell Vostro 3430 Laptop (13th Gen Core i3/ 8GB/ 512GB SSD/ Win11),496.92,57,intel,core i3,5,6,8,SSD,512,intel,integrated,0,14.0,1920,1080,windows,1,65
542,554,hp,HP Victus 15-FB0142AX Gaming Laptop (AMD Ryzen 5 5600H/ 16GB/ 512GB SSD/ Win11/ 4GB Graph),898.9,71,amd,ryzen 5,6,12,16,SSD,512,nvidia,dedicated,0,15.6,1920,1080,windows,1,32
543,555,dell,Dell Inspiron 7430 2 in 1 Touch Laptop (13th Gen Core i5/ 16GB/ 1TB SSD/ Win11),1046.9,60,intel,core i5,10,12,16,SSD,1024,intel,integrated,1,14.0,1920,1200,windows,1,5
544,556,dell,Dell Vostro 3430 VN3430RHXFG001ORB1 Laptop (13th Gen Core i5/ 8GB/ 512GB SSD/ Win11 Pro),725.48,63,intel,core i5,10,12,8,SSD,512,intel,integrated,0,14.0,1920,1080,windows,1,65
545,557,lenovo,Lenovo Yoga 6 82WV0058IN Laptop (13th Gen Core i5/ 16GB/ 512GB SSD/ Win11 Home),935.36,60,intel,core i5,12,16,16,SSD,512,intel,integrated,0,14.0,1920,1200,windows,1,51
546,558,asus,Asus TUF Gaming F15 FX577ZC-HN192W Gaming Laptop (12th Gen Core i7/ 16GB/1TB SSD/ Win11 / 4GB Graph),1079.29,76,intel,core i7,14,20,16,SSD,1024,nvidia,dedicated,0,15.6,1920,1080,windows,1,10
547,559,msi,MSI Thin GF63 12VE-664IN Gaming Laptop (12th Gen Core i7/ 16GB/ 1TB SSD/ Win11/ 6GB Graph),1163.24,76,intel,core i7,10,16,16,SSD,1024,nvidia,dedicated,0,15.6,1920,1080,windows,1,21
548,560,msi,MSI Thin GF63 12VF-663IN Gaming Laptop (12th Gen Core i7/ 16GB/ 512GB SSD/ Win11/ 8GB Graph),1259.19,77,intel,core i7,10,16,16,SSD,512,nvidia,dedicated,0,15.6,1920,1080,windows,2,7
549,561,msi,MSI Katana 17 B12VGK-672IN Gaming Laptop (12th Gen Core i7/ 16GB/ 1TB SSD/ Win11 Home/ 8GB Graph),1798.89,79,intel,core i7,10,16,16,SSD,1024,nvidia,dedicated,0,17.3,1920,1080,windows,2,87
550,562,msi,MSI Pulse 17 B13VGK-666IN Gaming Laptop (13th Gen Core i7/ 8GB/ 1TB SSD/ Win11 Home/ 8GB Graph),1798.89,76,intel,core i7,14,20,8,SSD,1024,nvidia,dedicated,0,17.3,2560,1440,windows,2,27
551,563,msi,MSI Katana 17 B12VFK-668IN Gaming Laptop (12th Gen Core i7/ 8GB/ 1TB SSD/ Win11 Home/ 8GB Graph),1379.12,77,intel,core i7,10,16,8,SSD,1024,nvidia,dedicated,0,17.3,1920,1080,windows,2,87
552,564,msi,MSI Thin GF63 11UCX-1497IN Gaming Laptop (11th Gen Core i5/ 8GB/ 512GB SSD/ Win11 Home/ 4GB Graph),671.51,69,intel,core i5,6,12,8,SSD,512,nvidia,dedicated,0,15.6,1920,1080,windows,2,19
553,565,msi,MSI Thin GF63 11UCX-1496IN Gaming Laptop (11th Gen Core i5/ 16GB/ 512GB SSD/ Win11 Home/ 4GB Graph),707.49,71,intel,core i5,6,12,16,SSD,512,nvidia,dedicated,0,15.6,1920,1080,windows,2,7
554,566,msi,MSI Thin GF63 11SC-1493IN Gaming Laptop (11th Gen Core i5/ 16GB/ 512GB SSD/ Win11 Home/ 4GB Graph),671.51,70,intel,core i5,6,12,16,SSD,512,nvidia,dedicated,0,15.6,1920,1080,windows,2,7
555,567,msi,MSI Pulse 17 B13VGK-652IN Gaming Laptop (13th Gen Core i9/ 16GB/ 1TB SSD/ Win11 Home/ 8GB Graph),2398.56,83,intel,core i9,14,20,16,SSD,1024,nvidia,dedicated,0,17.3,1920,1080,windows,2,87
556,568,hp,HP Victus 15-fa1064TX Gaming Laptop (13th Gen Core i7/ 16GB/ 512GB SSD/ Win11 Home/ 6GB Graph),1432.01,72,intel,core i7,14,20,16,SSD,512,nvidia,dedicated,0,15.6,1920,1080,windows,1,30
557,569,hp,HP Victus  15-fa1060TX  Gaming Laptop (13th Gen Core i5/ 16GB/ 512GB SSD/ Win11 Home/ 6GB Graph),1199.33,71,intel,core i5,12,16,16,SSD,512,nvidia,dedicated,0,15.6,1920,1080,windows,1,38
558,570,lenovo,Lenovo Ideapad Slim 3 15ITL05 81X800N1IN Laptop (11th Gen Core i3/ 8GB/ 512GB SSD/ Win11),449.75,59,intel,core i3,2,4,8,SSD,512,intel,integrated,0,15.6,1920,1080,windows,1,73
559,571,hp,HP Omen 16-u0023TX Gaming Laptop (13th Gen Core i9/ 32GB/ 1TB SSD/ Win11 Home/ 8GB Graph),2870.01,86,intel,core i9,24,32,32,SSD,1024,nvidia,dedicated,0,16.1,2560,1600,windows,1,29
560,572,hp,HP Omen 16-wf0052TX Gaming Laptop (13th Gen Core i5/ 16GB/ 512GB SSD/ Win11 Home/ 6GB Graph),1590.31,75,intel,core i5,14,20,16,SSD,512,nvidia,dedicated,0,16.1,1920,1080,windows,1,30
561,573,hp,HP Victus 15-fb0153AX Gaming Laptop (AMD Ryzen 5 5600H/ 8GB/ 512GB SSD/ Win11/ 4GB Graph),611.65,67,amd,ryzen 5,6,12,8,SSD,512,amd,dedicated,0,15.6,1920,1080,windows,1,28
562,574,asus,Asus VivoBook 14 2023 X1404ZA-NK321WS Laptop (12th Gen Core i3/ 8GB/ 512GB SSD/ Win11 Home),450.81,59,intel,core i3,6,8,8,SSD,512,intel,integrated,0,14.0,1920,1080,windows,1,56
563,575,asus,Asus Vivobook 15 X1504ZA-NJ325WS Laptop (12th Gen Core i3/ 8GB/ 512GB SSD/ Win11),443.64,57,intel,core i3,6,8,8,SSD,512,intel,integrated,0,15.6,1920,1080,windows,1,93
564,576,lenovo,Lenovo IdeaPad Slim 5 82XE004RIN Laptop (AMD Ryzen 5 7530U/ 16GB/ 512GB SSD/ Win11),707.49,64,amd,ryzen 5,6,12,16,SSD,512,amd,integrated,0,14.0,1920,1200,windows,1,62
565,577,hp,HP Envy x360 13-bf0141tu Laptop (12th Gen Core i7/ 16GB/ 512GB SSD/ Win11),1259.74,67,intel,core i7,10,12,16,SSD,512,intel,integrated,1,13.3,2880,1800,windows,1,13
566,578,lenovo,Lenovo IdeaPad Slim 3 82XQ008VIN Laptop (AMD Ryzen 5 7520U/ 16GB/ 512GB SSD/ Win11),527.59,58,amd,ryzen 5,4,8,16,SSD,512,amd,integrated,0,15.6,1920,1080,windows,1,147
567,579,hp,HP Omen 16-wd0770TX Gaming Laptop (13th Gen Core i5/ 16GB/ 512GB SSD/ Win11 Home/ 6GB Graph),1220.93,72,intel,core i5,8,12,16,SSD,512,nvidia,dedicated,0,16.1,1920,1080,windows,1,38
568,580,asus,Asus Vivobook 16X 2023 K3605ZC-MBN741WS Laptop (12th Gen Core i7/ 16GB/ 512GB SSD/ Win11 Home/ 4GB Graph),1139.25,72,intel,core i7,10,16,16,SSD,512,nvidia,dedicated,0,16.0,1920,1200,windows,1,3
569,581,asus,Asus Vivobook Pro 15 M6500QFB-LK541WS Laptop (AMD Ryzen 5 5600H/ 16GB/ 512GB SSD/ Win11/ 4GB Graph),839.42,66,amd,ryzen 5,6,12,16,SSD,512,nvidia,dedicated,0,15.6,1920,1080,windows,1,85
570,582,acer,Acer Predator 16 NH.QLUSI.005 Laptop (13th Gen Core i9/ 16GB/ 1TB SSD/ Win11/ 8GB Graph),1918.82,79,intel,core i9,24,32,16,SSD,1024,nvidia,dedicated,0,16.0,2560,1600,windows,1,78
571,583,asus,Asus Vivobook Pro 15 M6500QFB-LK742WS Laptop (Ryzen 7 5800H/ 16GB/ 512GB SSD/ Win11/ 4GB Graph),875.4,72,amd,ryzen 7,8,16,16,SSD,512,nvidia,dedicated,0,15.6,1920,1080,windows,1,85
572,584,msi,MSI Prestige 16 A13UCX-250IN Laptop (13th Gen Core i7/ 16GB/ 1TB SSD/ Win11/ 4GB Graphic),1439.09,73,intel,core i7,14,20,16,SSD,1024,nvidia,dedicated,0,16.0,2560,1600,windows,2,27
573,585,hp,HP Victus 15-fb0134AX Gaming Laptop (AMD Ryzen 5 5600H/ 16GB/ 512GB SSD/ Win11/ 4GB Graph),677.51,70,amd,ryzen 5,6,12,16,SSD,512,amd,dedicated,0,15.6,1920,1080,windows,1,28
574,586,dell,Dell Inspiron 3520 IN3520KTMFJ001ORS1 Laptop (11th Gen Core i3/ 8GB/ 512GB SSD/ Win11),447.13,58,intel,core i3,2,4,8,SSD,512,intel,integrated,0,15.6,1920,1080,windows,1,91
575,587,lenovo,Lenovo IdeaPad Slim 5 82XD003PIN Laptop (13th Gen Core i5/ 16GB/ 512GB SSD/ Win11),833.47,60,intel,core i5,8,12,16,SSD,512,intel,integrated,0,14.0,1920,1200,windows,2,51
576,588,asus,Asus VivoBook 15 X1500EA-EJ326WS Laptop (11th Gen Core i3/ 8GB/ 512GB SSD/ Win11),393.26,54,intel,core i3,2,4,8,SSD,512,intel,integrated,0,15.6,1920,1080,windows,1,74
577,589,lenovo,Lenovo LOQ 15IRH8 82XV00F7IN 2023 Gaming Laptop (12th Gen Core i5/ 16GB/ 512GB SSD/ Win11/ 8GB Graph),1175.23,72,intel,core i5,8,12,16,SSD,512,nvidia,dedicated,0,15.6,1920,1080,windows,1,111
578,590,hp,HP Pavilion x360 14-ek1074TU Laptop (13th Gen Core i5/ 16GB/ 512GB SSD/ Win11),936.68,67,intel,core i5,10,12,16,SSD,512,intel,integrated,1,14.0,1920,1080,windows,1,9
579,591,lenovo,Lenovo LOQ 15IRH8 82XV00F6IN 2023 Gaming Laptop (12th Gen Core i5/ 16GB/ 512GB SSD/ Win11/ 6GB Graph),1097.28,71,intel,core i5,8,12,16,SSD,512,nvidia,dedicated,0,15.6,1920,1080,windows,1,111
580,592,hp,HP 15s-fr2515TU Laptop (11th Gen Core i3/ 8GB/ 512GB SSD/ Win11),441.24,60,intel,core i3,2,4,8,SSD,512,intel,integrated,0,15.6,1920,1080,windows,1,73
581,593,lenovo,Lenovo LOQ 15APH8 82XT004HIN 2023 Gaming Laptop (AMD Ryzen 7 7840HS/ 16GB/ 512GB SSD/ Win11/ 6GB Graph),1061.74,73,amd,ryzen 7,8,16,16,SSD,512,nvidia,dedicated,0,15.6,1920,1080,windows,1,114
582,594,asus,Asus Vivobook 15 X1502ZA-EJ545WS Laptop (12th Gen Core i5/ 16GB/ 512GB SSD/ Win11),719.48,64,intel,core i5,10,12,16,SSD,512,intel,integrated,0,15.6,1920,1080,windows,1,31
583,595,msi,MSI Vector GP68HX 13VH-072IN Gaming Laptop (13th Gen Core i9/ 32GB/ 1TB SSD/ Win11/ 12GB Graph),3597.9,89,intel,core i9,24,32,32,SSD,1024,nvidia,dedicated,0,16.0,2560,1600,windows,2,29
584,596,lenovo,Lenovo LOQ 15APH8 82XT004JIN 2023 Gaming Laptop (AMD Ryzen 7 7840HS/ 16GB/ 512GB SSD/ Win11/ 6GB Graph),1199.22,73,amd,ryzen 7,8,16,16,SSD,512,nvidia,dedicated,0,15.6,1920,1080,windows,1,114
585,597,hp,HP Omen 16-wf0111TX Gaming Laptop (13th Gen Core i7/ 16GB/ 1TB SSD/ Win11 Home/ 8GB Graph),1762.91,77,intel,core i7,16,24,16,SSD,1024,nvidia,dedicated,0,16.1,1920,1080,windows,1,10
586,598,lenovo,Lenovo LOQ 15APH8 82XT009CIN 2023 Gaming Laptop (AMD Ryzen 7 7840HS/ 16GB/ 512GB SSD/ Win11/ 8GB Graph),1319.15,75,amd,ryzen 7,8,16,16,SSD,512,nvidia,dedicated,0,15.6,1920,1080,windows,1,114
587,599,hp,HP Omen 16-xf0059AX Gaming Laptop (AMD Ryzen 7 7840HS/ 16GB/ 512GB SSD/ Win11/ 8GB Graph),1475.31,73,amd,ryzen 7,8,16,16,SSD,512,nvidia,dedicated,0,16.0,1920,1080,windows,1,32
588,600,asus,Asus Vivobook Go 15 E510MA-EJ001W Laptop (Celeron N4020/ 4GB/ 256GB SSD/ Win11 Home),311.71,45,intel,celeron,2,2,4,SSD,256,intel,integrated,0,15.6,1920,1080,windows,1,66
589,601,hp,HP Omen 16-wf0055TX Gaming Laptop (13th Gen Core i7/ 16GB/ 512GB SSD/ Win11 Home/ 8GB Graph),1678.95,77,intel,core i7,16,24,16,SSD,512,nvidia,dedicated,0,16.1,1920,1080,windows,1,30
590,602,acer,Acer Nitro 5 AN515-58 NH.QFHSI.008 Gaming Laptop (12th Gen Core i5/ 8GB/ 512GB SSD/ Win11/ 4GB Graph),809.54,65,intel,core i5,8,12,8,SSD,512,nvidia,dedicated,0,15.6,1920,1080,windows,1,130
591,603,acer,Acer Aspire Lite AL15-51 2023 Laptop (AMD Ryzen 5 5500U/ 8GB/ 512GB SSD/ Win11),431.64,58,amd,ryzen 5,6,12,8,SSD,512,amd,integrated,0,15.6,1920,1080,windows,1,136
592,604,lenovo,Lenovo Yoga Book 9i 2023 82YQ001DIN Laptop (13th Gen Core i7/ 16GB/ 1TB SSD/ Win11),2700.79,73,intel,core i7,10,12,16,SSD,1024,intel,integrated,1,13.3,2880,1800,windows,3,58
593,605,hp,HP 255 G8 Laptop (AMD Athlon 3050U/ 4GB/ 256GB SSD/ Win11),275.73,44,amd,other,2,2,4,SSD,256,amd,integrated,0,15.6,1920,1080,windows,1,126
594,606,dell,Dell Inspiron 5330 Laptop (13th Gen Core i5/ 16GB/ 512GB SSD/ Win11),1013.32,60,intel,core i5,12,16,16,SSD,512,intel,integrated,0,13.3,2560,1600,windows,1,76
595,607,dell,Dell XPS 15 9530 Laptop (13th Gen Core i7/ 16GB/ 1TB SSD/ Win11/ 6GB Graph),3088.18,85,intel,core i7,14,20,16,SSD,1024,nvidia,dedicated,1,15.6,3456,2160,windows,1,99
596,608,dell,Dell Inspiron 5330 Laptop (13th Gen Core i7/ 16GB/ 512GB SSD/ Win11),1151.25,63,intel,core i7,12,16,16,SSD,512,intel,integrated,0,13.3,2560,1600,windows,1,76
597,609,asus,Asus Vivobook 15 X1504ZA-NJ321WS Laptop (12th Gen Core i3/ 8GB/ 512GB SSD/ Win11),472.42,57,intel,core i3,6,8,8,SSD,512,intel,integrated,0,15.6,1920,1080,windows,1,93
598,610,dell,Dell Inspiron 5518 D560667WIN9S Laptop (11th Gen Core i5/ 16GB/ 512GB SSD/ Win11 Home/ 2GB Graph),730.4,65,intel,core i5,4,8,16,SSD,512,nvidia,dedicated,0,15.6,1920,1080,windows,1,70
599,611,msi,MSI Prestige 14 Evo B12M-472IN Laptop (12th Gen Core i5/ 16GB/ 512GB SSD/ Win11 Home),983.34,63,intel,core i5,12,16,16,SSD,512,intel,integrated,0,14.0,1920,1080,windows,1,53
600,612,lenovo,Lenovo IdeaPad Slim 5i 82XF003DIN Laptop (13th Gen Core i7/ 16GB/ 512GB SSD/ Win11),1078.07,63,intel,core i7,14,20,16,SSD,512,intel,integrated,0,16.0,1920,1200,windows,2,128
601,613,dell,Dell Alienware X16 Gaming Laptop (13th Gen Core i9/ 32GB/ 2TB SSD/ Win 11/ 16GB Graph),5450.88,83,intel,core i9,14,20,32,SSD,2048,nvidia,dedicated,0,16.0,3200,1800,windows,1,143
602,614,dell,Dell Inspiron 5425 Laptop (AMD Ryzen 75825U/ 16GB/ 512GB SSD/ Win11) 84 votes,814.23,65,amd,ryzen 7,8,16,16,SSD,512,amd,integrated,0,14.0,1920,1080,windows,1,18
603,615,dell,Dell Alienware X16 R1 2023 Gaming Laptop (13th Gen Core i9/ 32GB/ 1TB SSD/ Win 11/ 12GB Graph),3885.74,85,intel,core i9,24,32,32,SSD,1024,nvidia,dedicated,0,16.0,3200,1800,windows,1,29
604,616,dell,Dell Alienware m16 2023 Gaming Laptop (AMD Ryzen 7 7745HX/ 16GB/ 1TB SSD/ Win 11/ 8GB Graph),2266.63,80,amd,ryzen 7,8,16,16,SSD,1024,nvidia,dedicated,0,16.0,1920,1200,windows,1,23
605,617,msi,MSI Modern 15 B12M-613IN Laptop (12th Gen Core i3/ 8GB/ 512GB SSD/ Win11 Home),443.64,58,intel,core i3,6,8,8,SSD,512,intel,integrated,0,15.6,1920,1080,windows,1,49
606,618,msi,MSI Creator Pro M16 B13VI-1273IN Gaming Laptop (13th Gen Core i7/ 16GB/ 1TB SSD/ Win 11/ 6GB Graph),1912.07,77,intel,core i7,14,20,16,SSD,1024,nvidia,dedicated,0,16.0,1920,1200,windows,2,10
607,619,msi,MSI Prestige 14H B12UCX-412IN Laptop (12th Gen Core i5/ 16GB/ 512GB SSD/Win11 Home/ 4GB Graphic),1079.29,71,intel,core i5,12,16,16,SSD,512,nvidia,dedicated,0,14.0,1920,1200,windows,2,97
608,620,dell,Dell Alienware M18 R1 2023 Gaming Laptop (13th Gen Core i9/ 64GB/ 1TB SSD/ Win 11/ 16GB Graph),5408.9,83,intel,core i9,24,32,4,SSD,1024,nvidia,dedicated,0,18.0,3200,1800,windows,1,125
609,621,hp,HP 15s-fy5005TU Laptop (12th Gen Core i3/ 8GB/ 1TB SSD/ Win11 Home),524.53,56,intel,core i3,6,8,8,SSD,1024,intel,integrated,0,15.6,1920,1080,windows,1,42
610,622,lenovo,Lenovo Yoga 6 83B2005TIN Laptop (AMD Ryzen 5 7530U/ 16GB/ 512GB SSD/ Win11 Home),899.38,69,amd,ryzen 5,6,12,16,SSD,512,amd,integrated,1,13.3,1920,1200,windows,3,62
611,623,asus,Asus Vivobook 16X 2023 K3605ZF-MBN543WS Laptop (12th Gen Core i5/ 16GB/ 512GB SSD/ Win11 Home/ 4GB Graph),779.45,72,intel,core i5,8,12,16,SSD,512,nvidia,dedicated,0,16.0,1920,1200,windows,1,3
612,624,asus,Asus Vivobook 16X 2023 K3605ZF-MBN741WS Laptop (12th Gen Core i7/ 16GB/ 512GB SSD/ Win11 Home/ 4GB Graph),1067.41,75,intel,core i7,10,16,16,SSD,512,nvidia,dedicated,0,16.0,1920,1200,windows,1,3
613,625,lenovo,Lenovo IdeaPad Flex 5 82R900D9IN Laptop (AMD Ryzen 7 5700U/ 16GB/ 512GB SSD/ Win11 Home),779.45,72,amd,ryzen 7,8,16,16,SSD,512,amd,integrated,1,14.0,1920,1200,windows,1,62
614,626,hp,HP 15s-fy5004TU Laptop (12th Gen Core i3/ 16GB/ 512GB SSD/ Win11 Home),520.51,57,intel,core i3,6,8,16,SSD,512,intel,integrated,0,15.6,1920,1080,windows,1,4
615,627,lenovo,Lenovo IdeaPad Slim 3 82XQ008GIN Laptop (AMD Ryzen 5 7520U/ 8GB/ 512GB SSD/ Win11),486.81,57,amd,ryzen 5,4,8,8,SSD,512,amd,integrated,0,15.6,1920,1080,windows,1,14
616,628,asus,Asus Vivobook Pro 15 M6500QC-LK542WS Laptop (AMD R5 5600H/ 16GB/ 512GB SSD/ Win11/ 4GB Graph),839.54,70,amd,ryzen 5,6,12,16,SSD,512,nvidia,dedicated,0,15.6,1920,1080,windows,1,85
617,629,asus,Asus ROG Zephyrus G16 2023 GU603ZU-N3023WS Laptop (12th Gen Core i7/ 16GB/ 1TB SSD/ Win11 Home/ 6GB Graph),1702.93,82,intel,core i7,14,20,16,SSD,1024,nvidia,dedicated,0,16.0,2560,1600,windows,1,27
618,630,lg,LG Gram 14 2023 14Z90R-G.CH54A2 Laptop (13th Gen Core i5/ 16GB/ 512GB SSD/ Win11),1187.33,67,intel,core i5,12,16,16,SSD,512,intel,integrated,0,14.0,1200,1920,windows,1,54
619,631,dell,Dell Alienware m16 Gaming Laptop (AMD Ryzen 9 7845HX/ 32GB/ 2TB SSD/ Win 11/ 12GB Graph),3597.9,89,amd,ryzen 9,12,24,32,SSD,2048,nvidia,dedicated,0,16.0,1920,1200,windows,1,108
620,632,acer,Acer Nitro 16 AN16-41 Gaming Laptop (AMD Ryzen 7 7840HS/ 16GB/ 512GB SSD/ Win11 Home/ 8GB Graph),1559.02,80,amd,ryzen 7,8,16,16,SSD,512,nvidia,dedicated,0,16.0,1920,1200,windows,1,32
621,633,lenovo,Lenovo IdeaPad Flex 5 82XX007KIN Laptop (AMD Ryzen 5 7530U/ 16GB/ 512GB SSD/ Win11 Home),791.44,69,amd,ryzen 5,6,12,16,SSD,512,amd,integrated,1,14.0,1920,1200,windows,1,62
622,634,acer,Acer Aspire 5 2023 A515-58M Gaming Laptop (13th Gen Core i7/ 8GB/ 512GB SSD/ Win11 Home/ 4GB Graphic),905.49,59,intel,core i7,10,12,8,SSD,512,nvidia,dedicated,0,15.6,1920,1080,windows,1,130
623,635,hp,HP Chromebook x360 14a-ca0505TU Laptop (Intel Celeron N4120/ 4GB/ 64GB eMMC/ Chrome OS),311.71,44,intel,celeron,4,4,4,HDD,64,intel,integrated,1,14.0,1366,768,chrome,1,36
624,636,asus,Asus Vivobook Pro 15 M6500QC-LK742WS Laptop (Ryzen 7 5800H/ 16GB/ 512GB SSD/ Win11/ 4GB Graph),918.69,72,amd,ryzen 7,8,16,16,SSD,512,nvidia,dedicated,0,15.6,1920,1080,windows,1,85
625,637,hp,HP ZBook Firefly 16 G9 2023 Workstation PC Laptop (12th Gen Core i5/ 16GB/ 1TB SSD/ Win11/ 4GB Graphics),1520.76,69,intel,core i5,10,12,16,SSD,1024,nvidia,dedicated,0,16.0,1920,1200,windows,1,20
626,638,fujitsu,Fujitsu UH-X 4ZR1L12856 Laptop (13th Gen Core i7/ 16GB/ 512GB SSD/ Win11),1199.22,73,intel,core i7,12,16,16,SSD,512,intel,integrated,0,14.0,1920,1200,windows,2,9
627,639,hp,HP 2023 ZBook Firefly 16 G9 WUXGA Workstation Laptop (12th Gen Core i7/ 16GB/ 512GB SSD/ Win11/ 4GB Graphics),1598.35,69,intel,core i7,10,12,16,SSD,512,nvidia,dedicated,0,16.0,1920,1200,windows,1,38
628,640,acer,Acer Aspire Lite AL15-51 2023 Laptop (11th Gen Core i5/ 16GB/ 512GB SSD/ Win11),503.6,64,intel,core i5,4,8,16,SSD,512,intel,integrated,0,15.6,1920,1080,windows,1,4
629,641,hp,HP 15s-fq3073TU Laptop Intel Pentium Silver N6000/ 8GB/ 512GB SSD/ Win11 Home),395.66,46,intel,pentium,4,4,8,SSD,512,intel,integrated,0,15.6,1366,768,windows,1,16
630,642,hp,HP ZBook Firefly 16 G9 2023 Workstation Laptop (12th Gen Core i5/ 16GB/ 512GB SSD/ Win11/ 4GB Graphics),1444.59,67,intel,core i5,10,12,16,SSD,512,nvidia,dedicated,0,16.0,1920,1200,windows,1,38
631,643,asus,Asus ROG Zephyrus G14 GA402NJ-L8094WS Gaming Laptop (AMD Ryzen 7 7735HS/ 16GB/ 512GB SSD/ Win11/ 6GB Graph),1559.02,71,amd,ryzen 7,8,16,16,SSD,512,nvidia,dedicated,0,14.0,2560,1600,windows,1,79
632,644,lg,LG UltraPC 16 16U70R-G.AH56A2 Laptop (AMD Ryzen5-7530U/ 16GB/ 512GB SSD/ Win11),939.07,72,amd,ryzen 5,6,12,16,SSD,512,amd,integrated,1,16.0,1920,1200,windows,1,37
633,645,hp,HP ZBook Studio G9 16 WUXGA Workstation Laptop (12th Gen Core i7/ 16GB/ 1TB SSD/ Win11/ 6GB Graph),2759.2,80,intel,core i7,14,20,16,SSD,1024,nvidia,dedicated,0,16.0,1920,1200,windows,1,10
634,646,lenovo,Lenovo IdeaPad 1 82V6005CIN Laptop (Celeron N4020/ 4GB/ 256GB SSD/ Win11 Home),290.12,38,intel,celeron,2,2,4,SSD,256,intel,integrated,0,11.6,1366,768,windows,1,105
635,647,lg,LG gram360 16 Laptop (13th Gen Core i7/ 16GB/ 1TB SSD/ Win11),1828.98,78,intel,core i7,12,16,16,SSD,1024,intel,integrated,1,16.0,1600,2560,windows,1,145
636,648,hp,HP Chromebook 15a-nb0002TU Laptop ( Intel Core i3-N305/ 8GB/ 256GB SSD/ Chrome OS),611.54,38,intel,core i3,8,8,8,SSD,256,intel,integrated,0,15.6,1366,768,chrome,1,36
637,649,lg,LG Gram 14 2023 14Z90R-G.CH75A2 Laptop (13th Gen Core i7/ 16GB/ 512GB SSD/ Win11),1414.01,69,intel,core i7,12,16,16,SSD,512,intel,integrated,0,14.0,1200,1920,windows,1,54
638,650,acer,Acer Nitro 5 AN515-58 UN.QFHSI.026 Gaming Laptop (12th Gen Core i5/ 16GB/ 512GB SSD/ Win11/ 4GB Graph),863.4,70,intel,core i5,8,12,16,SSD,512,nvidia,dedicated,0,15.6,1920,1080,windows,1,47
639,651,asus,Asus Vivobook 15 2023 X1504VA-NJ544WS Laptop (13th Gen Core i5/ 16GB/ 512GB SSD/ Win11),767.46,65,intel,core i5,10,12,16,SSD,512,intel,integrated,0,15.6,1920,1080,windows,1,31
640,652,walker,Walker NU14A1 Laptop (Celeron N4020/ 4GB/ 128GB SSD / Win11 Home),191.77,37,intel,celeron,2,2,4,SSD,128,intel,integrated,0,14.1,1920,1080,windows,1,124
641,653,hp,HP 255 G8 6E3Z0PA Laptop (Ryzen 3 3250U/ 8GB/512GB SSD/ Dos),287.83,52,amd,ryzen 3,2,4,8,SSD,512,amd,integrated,0,15.6,1366,768,dos,1,35
642,654,dell,Dell Inspiron 14 5430 2023 Laptop (13th Gen Core i5/ 8GB/ 1TB SSD/ Win11),785.57,60,intel,core i5,10,12,8,SSD,1024,intel,integrated,0,14.0,1920,1200,windows,1,134
643,655,dell,Dell Inspiron 2023 14 5430 Laptop (13th Gen Core i5/ 16GB/ 1TB SSD/ Win11),887.39,63,intel,core i5,10,12,16,SSD,1024,intel,integrated,0,14.0,1920,1200,windows,1,5
644,656,hp,HP Omen 16-wd0990TX Gaming Laptop (13th Gen Core i5/ 16GB/ 512GB SSD/ Win11 Home/ 6GB Graph),1175.34,73,intel,core i5,8,12,16,SSD,512,nvidia,dedicated,0,16.1,2560,1440,windows,1,133
645,657,lenovo,Lenovo S14 Gen 3 82TW001CIH Laptop (12th Gen Core i5/ 8GB/ 512GB SSD/ Win11),635.53,62,intel,core i5,10,12,8,SSD,512,intel,integrated,0,14.0,1920,1080,windows,2,0
646,658,lenovo,Lenovo IdeaPad Gaming 3 15ACH6 82K2022YIN Laptop (AMD Ryzen 5 5600H/ 8GB/ 512GB SSD/ Win11 Home/ 4GB Graph),755.46,65,amd,ryzen 5,6,12,8,SSD,512,nvidia,dedicated,0,15.6,1920,1080,windows,1,50
647,659,msi,MSI Katana GF66 12UCOK 2023 Gaming Laptop (12th Gen Core i5/ 16GB/ 512GB SSD/ Win11 Home/ 4GB Graph),887.39,65,intel,core i5,8,12,16,SSD,512,nvidia,dedicated,0,15.6,1920,1080,windows,2,7
648,660,lenovo,Lenovo ThinkBook 15 21JF002CIN Laptop (AMD Ryzen 3 7330U/ 8 GB/ 512 GB SSD/ DOS),394.57,59,amd,ryzen 3,4,8,8,SSD,512,amd,integrated,0,15.6,1920,1080,dos,1,14
649,661,lenovo,Lenovo IdeaPad 1 14IGL7 82V6005EIN Laptop (Celeron Dual Core/ 8GB/ 256GB SSD/ Win11 Home),299.71,50,intel,celeron,2,2,8,SSD,256,intel,integrated,0,14.0,1366,768,windows,1,39
650,662,msi,MSI Thin GF63 11SC-1477IN Gaming Laptop (11th Gen Core i5/ 8GB/ 512GB SSD/ Win11 Home/ 4GB Graph),575.56,67,intel,core i5,6,12,8,SSD,512,nvidia,dedicated,0,15.6,1920,1080,windows,2,19
651,663,asus,Asus Vivobook 15 OLED 2023 X1505VAU-LK543WS Laptop (13th Gen Core i5/ 16GB/ 512GB SSD/ Win11 Home),887.39,60,intel,core i5,10,12,16,SSD,512,intel,integrated,0,15.6,1920,1080,windows,1,31
652,664,asus,Asus Vivobook 16X 2023 K3605ZU-MB541WS Laptop (12th Gen Core i5/ 16GB/ 512GB SSD/ Win11 Home/ 6GB Graph),1199.22,75,intel,core i5,8,12,16,SSD,512,nvidia,dedicated,0,16.0,1920,1200,windows,1,3
653,665,lenovo,Lenovo IdeaPad Gaming 3 82K101LHIN Laptop (11th Gen Core i5/ 16GB/ 512GB SSD/ Win11 Home/ 4GB Graph),635.53,70,intel,core i5,4,8,16,SSD,512,nvidia,dedicated,0,15.6,1920,1080,windows,1,70
654,666,asus,Asus Vivobook 15 2023 X1504VA-NJ543WS Laptop (13th Gen Core i5/ 16GB/ 512GB SSD/ Win11),743.47,64,intel,core i5,10,12,16,SSD,512,intel,integrated,0,15.6,1920,1080,windows,1,31
655,667,lenovo,Lenovo ThinkPad E14 21JRS00T00 Laptop (AMD Ryzen 5 7530U/ 8GB/ 512GB SSD/ Win11 Home),831.68,62,amd,ryzen 5,6,12,8,SSD,512,amd,integrated,0,14.0,1920,1200,windows,1,57
656,668,lenovo,Lenovo IdeaPad Slim 3 2023 82X70033IN Laptop (13th Gen Core i3/ 8GB/ 512GB SSD/ Win11),539.58,58,intel,core i3,5,6,8,SSD,512,intel,integrated,0,15.6,1920,1080,windows,1,82
657,669,hp,HP Envy x360 15-fe0028TU Laptop (13th Gen Core i5/ 16GB/ 512GB SSD/ Win11 Home),1158.44,66,intel,core i5,10,12,16,SSD,512,intel,integrated,1,15.6,1920,1080,windows,1,84
658,670,hp,HP Envy x360 15-fe0027TU Laptop (13th Gen Core i5/ 16GB/ 512GB SSD/ Win11 Home),1055.3,66,intel,core i5,10,12,16,SSD,512,intel,integrated,1,15.6,1920,1080,windows,1,84
659,671,hp,HP Envy x360 15-fh0016AU Laptop (AMD Ryzen 5 7530U/ 16GB/ 512GB SSD/ Win11 Home),1039.71,66,amd,ryzen 5,6,12,16,SSD,512,amd,integrated,1,15.6,1920,1080,windows,1,121
660,672,hp,HP Envy x360 15-fh0019AU Laptop (AMD Ryzen 7 7730U/ 16GB/ 512GB SSD/ Win11 Home),1051.7,70,amd,ryzen 7,8,16,16,SSD,512,amd,integrated,1,15.6,1920,1080,windows,1,121
661,673,hp,HP Envy x360 15-fh0015AU Laptop (AMD Ryzen 5 7530U/ 16GB/ 512GB SSD/ Win11 Home),946.16,66,amd,ryzen 5,6,12,16,SSD,512,amd,integrated,1,15.6,1920,1080,windows,1,121
662,674,hp,HP Envy x360 15-ew0041TU Laptop (12th Gen Core i5/ 16GB/ 512GB SSD/ Win11),1007.32,72,intel,core i5,10,12,16,SSD,512,intel,integrated,1,15.6,1920,1080,windows,1,84
663,675,hp,HP 14-em0025AU Laptop (AMD Ryzen  3 7320U/ 8GB/ 512GB SSD/ Win11 Home),467.62,57,amd,ryzen 3,4,8,8,SSD,512,amd,integrated,0,14.0,1920,1080,windows,1,48
664,676,hp,HP 14-em0027AU Laptop (AMD Ryzen 5 7520U/ 16GB/ 512GB SSD/ Win11 Home),611.54,60,amd,ryzen 5,4,8,16,SSD,512,amd,integrated,0,14.0,1920,1080,windows,1,18
665,677,asus,Asus Vivobook 15 X1502ZA-EJ523WS Laptop (12th Gen Core i5/ 8GB/ 512GB SSD/ Win11),671.51,60,intel,core i5,12,16,8,SSD,512,intel,integrated,0,15.6,1920,1080,windows,1,15
666,678,dell,Dell Vostro 15 3510 Laptop (11th Gen Core i3/ 8GB/ 1TB 256GB SSD/ Win11 Home),471.22,60,intel,core i3,2,4,8,HDD,1024,intel,integrated,0,15.6,1920,1080,windows,1,63
667,679,hp,HP Pavilion Plus 14-eh1047TU Laptop (13th Gen Core i7/ 16GB/ 512GB SSD/ Win 11),1292.44,71,intel,core i7,14,20,16,SSD,512,intel,integrated,0,14.0,2880,1800,windows,1,13
668,680,dell,Dell Inspiron 7430 2 in 1 Laptop (13th Gen Core i3/ 8GB/ 1TB SSD/ Win11),719.48,56,intel,core i3,6,8,8,SSD,1024,intel,integrated,1,14.0,1920,1200,windows,1,134
669,681,lenovo,Lenovo IdeaPad Gaming 3 82K2025LIN Laptop (AMD Ryzen 5 5600H/ 16GB/ 512GB SSD/ Win11 Home/ 4GB Graph),875.4,69,amd,ryzen 5,6,12,16,SSD,512,nvidia,dedicated,0,15.6,1920,1080,windows,1,114
670,682,lenovo,Lenovo ThinkPad E14 21JRS00U00 Laptop (AMD Ryzen 5 7530U/ 16GB/ 512GB SSD/ Win11 Home),680.03,64,amd,ryzen 5,6,12,16,SSD,512,amd,integrated,0,14.0,1920,1080,windows,1,62
671,683,lenovo,Lenovo Thinkpad E15 21E6S05B00 Laptop (12th Gen Core i5/ 8GB/ 512GB SSD/ Win11 Home),791.44,67,intel,core i5,10,12,8,SSD,512,intel,integrated,0,15.6,1920,1080,windows,1,146
672,684,lenovo,Lenovo Thinkbook 15 21DJ00EXIH Laptop (12th Gen Core i5/ 8GB/ 512GB SSD/ Win11 Home),647.52,66,intel,core i5,10,12,8,SSD,512,intel,integrated,0,15.6,1920,1080,windows,1,146
673,685,hp,HP Pavilion Plus 14-eh1022TU Laptop (13th Gen Core i5/ 16GB/ 512GB SSD/ Win 11),935.71,69,intel,core i5,12,16,16,SSD,512,intel,integrated,0,14.0,2240,1400,windows,1,9
674,686,acer,Acer Aspire Lite AL15-51 UN.431SI.252 Laptop (11th Gen Core i3/ 8GB/ 512GB SSD/ Win11),369.28,59,intel,core i3,2,4,8,SSD,512,intel,integrated,0,15.6,1920,1080,windows,1,49
675,687,lenovo,Lenovo IdeaPad Gaming 3 15ACH6 82K2025JIN Laptop (AMD Ryzen 5 5600H/ 8GB/ 512GB SSD/ Win11 Home/ 4GB Graph),688.3,67,amd,ryzen 5,6,12,8,SSD,512,nvidia,dedicated,0,15.6,1920,1080,windows,1,50
676,688,hp,HP Zbook Power G4-A 2023 ZHAN 99 Laptop (AMD Ryzen 5 6600H/ 16GB/ 1TB 512GB SSD/ Win11/ 4GB Graph),1387.71,71,amd,ryzen 5,6,12,16,HDD,1024,nvidia,dedicated,0,15.6,1920,1080,windows,1,72
677,689,dell,Dell Inspiron 3535 Laptop (AMD Ryzen R5-7520U/ 8GB/ 512GB SSD/ Win11),501.42,53,amd,ryzen 5,4,8,8,SSD,512,amd,integrated,0,15.6,1920,1080,windows,1,102
678,690,hp,HP Envy 15-fe0030TU Laptop (13th Gen Core i7/ 16GB/ 512GB SSD/ Win11),1319.15,69,intel,core i7,10,12,16,SSD,512,intel,integrated,1,15.6,1920,1080,windows,1,84
679,691,hp,HP 14-hr0001AU Laptop (AMD Ryzen 5 7520U/ 8GB/ 512GB SSD/ Win11 Home),539.58,58,amd,ryzen 5,4,8,8,SSD,512,amd,integrated,0,14.0,1920,1080,windows,1,48
680,692,hp,HP 14-gr0000TU Laptop (13th Gen Core i3/ 8GB/ 512GB SSD/ Win11 Home),575.56,53,intel,core i3,6,8,8,SSD,512,intel,integrated,0,14.0,1920,1080,windows,1,56
681,693,hp,HP 14-hr0000AU Laptop (AMD Ryzen 5 7520U/ 16GB/ 512GB SSD/ Win11 Home),635.53,60,amd,ryzen 5,4,8,16,SSD,512,amd,integrated,0,14.0,1920,1080,windows,1,18
682,694,hp,HP Envy 15-fe0032TU Laptop (13th Gen Core i7/ 16GB/ 1TB SSD/ Win11),1391.11,70,intel,core i7,10,12,16,SSD,1024,intel,integrated,1,15.6,1920,1080,windows,1,25
683,695,asus,Asus Vivobook 16X 2023 K3605ZF-MBN544WS Laptop (12th Gen Core i5/ 16GB/ 512GB SSD/ Win11 Home/ 4GB Graph),1002.64,72,intel,core i5,8,12,16,SSD,512,nvidia,dedicated,0,16.0,1920,1200,windows,1,3
684,696,asus,Asus ROG Zephyrus G14 2023 GA402XU-N2045WS Gaming Laptop (AMD Ryzen 9 7940HS/ 16GB/ 1TB SSD/ Win11/ 6GB Graph),1678.95,83,amd,ryzen 9,8,16,16,SSD,1024,nvidia,dedicated,0,14.0,2560,1600,windows,1,79
685,697,dell,Dell Inspiron 5430 2023 Laptop (13th Gen Core i7/ 16GB/ 512GB SSD/ Win11),1055.3,56,intel,core i7,10,12,16,SSD,512,intel,integrated,0,14.0,1920,1080,windows,1,94
686,698,asus,Asus TUF Gaming F15 FX506HF-HN026W Gaming Laptop (11th Gen Core i5/ 8GB/ 1TB SSD/ Win11/ 4GB Graph),707.49,71,intel,core i5,6,12,8,SSD,1024,nvidia,dedicated,0,15.6,1920,1080,windows,1,21
687,699,lenovo,Lenovo ThinkBook 15 G5 21JFA00QIN Laptop (AMD Ryzen 7 7730U/ 8 GB/ 512 GB SSD/ DOS),599.55,64,amd,ryzen 7,8,16,8,SSD,512,amd,integrated,0,15.6,1920,1080,dos,1,132
688,700,lenovo,Lenovo IdeaPad Gaming 3 82K2022VIN Laptop (AMD Ryzen 5-5600H/ 8GB/ 512GB SSD/ Win11 Home/ 4GB Graph),725.48,67,amd,ryzen 5,6,12,8,SSD,512,nvidia,dedicated,0,15.6,1920,1080,windows,1,50
689,701,lenovo,Lenovo IdeaPad 3 15ITL05 81X800N2IN Laptop (11th Gen Core i3/ 8GB/ 512GB SSD/ Win11),425.65,59,intel,core i3,2,4,8,SSD,512,intel,integrated,0,15.6,1920,1080,windows,1,73
690,702,lenovo,Lenovo IdeaPad Gaming 3 15IAH7 82S9014KIN Laptop (12th Gen Core i5/ 16GB/ 512GB SSD/ Win11 Home/ 4GB Graph),863.4,70,intel,core i5,8,12,16,SSD,512,nvidia,dedicated,0,15.6,1920,1080,windows,1,111
691,703,dell,Dell Inspiron 7420 2in1 Laptop (12th Gen Core i7/ 16GB/ 512GB SSD/ Win11),1085.28,67,intel,core i7,10,12,16,SSD,512,intel,integrated,1,14.0,1920,1200,windows,1,94
692,704,hp,HP 14-em0026AU Laptop (AMD Ryzen 5 7520U/ 8GB/ 512GB SSD/ Win11 Home),539.58,58,amd,ryzen 5,4,8,8,SSD,512,amd,integrated,0,14.0,1920,1080,windows,1,48
693,705,msi,MSI Cyborg 15 A12VF-049IN Gaming Laptop (12th Gen Core i7/ 16GB/ 512GB SSD/ Win11 Home/ 8GB Graph),1343.14,78,intel,core i7,10,16,16,SSD,512,nvidia,dedicated,0,15.6,1920,1080,windows,2,7
694,706,lenovo,Lenovo ThinkPad E14 Gen 4 21E3S06Q00 Laptop (12th Gen Core i3/ 8GB/ 512GB SSD/ DOS),545.7,57,intel,core i3,6,8,8,SSD,512,intel,integrated,0,14.0,1920,1080,dos,1,67
695,707,dell,Dell Vostro 5620 Laptop (12th Gen Core i3/ 8GB/ 512GB SSD/ Win11),491.61,58,intel,core i3,6,8,8,SSD,512,intel,integrated,0,16.0,1920,1080,windows,1,91
696,708,dell,Dell Vostro 3525 D560926WIN9B Laptop (AMD Ryzen 5-5500U/ 8GB/ 512GB SSD/ Win11),523.99,52,amd,ryzen 5,6,12,8,SSD,512,amd,integrated,0,15.6,1920,1080,windows,1,102
697,709,lenovo,Lenovo ThinkPad E14 Gen 4 21E3S06D00 Laptop (12th Gen Core i3/ 8GB/ 512GB SSD/ Win11),599.66,62,intel,core i3,6,8,8,SSD,512,intel,integrated,0,14.0,1920,1080,windows,1,0
698,710,lenovo,Lenovo Thinkpad E14 21E3S06300 Laptop (12th Gen Core i5/ 8GB/ 512GB SSD/ DOS),793.95,62,intel,core i5,10,12,8,SSD,512,intel,integrated,0,14.0,1920,1080,dos,1,90
699,711,acer,Acer Aspire 3 A315-510P Laptop (Intel Core i3 N305/ 8GB/ 256GB SSD/ Win11 Home),359.56,50,intel,core i3,8,8,8,SSD,256,intel,integrated,0,15.6,1920,1080,windows,1,137
700,712,dell,Dell Inspiron 16 5635 Laptop (AMD Ryzen 5 7530U/ 8GB/ 512GB SSD/ Win11),671.51,60,amd,ryzen 5,6,12,8,SSD,512,amd,integrated,0,16.0,1920,1200,windows,1,102
701,713,acer,Acer Aspire 3 NX.KDESI.008 Laptop (AMD Ryzen 3 7320U/ 8GB/ 512GB SSD/ Win11 Home),353.69,57,amd,ryzen 3,4,8,8,SSD,512,amd,integrated,0,15.6,1920,1080,windows,1,136
702,714,lenovo,Lenovo IdeaPad Slim 3 82XQ008EIN Laptop (AMD Ryzen 3 7320U/ 8GB/ 512GB SSD/ Win11 Home),401.66,57,amd,ryzen 3,4,8,8,SSD,512,amd,integrated,0,15.6,1920,1080,windows,1,14
703,715,hp,HP Pavilion 14-dv1043TU Laptop (11th Gen Core i5/ 8GB/ 512GB SSD/ Win11 Home),644.03,62,intel,core i5,4,8,8,SSD,512,intel,integrated,0,14.0,1920,1080,windows,1,56
704,716,acer,Acer Aspire 5 A515-58M 2023 Gaming Laptop (13th Gen Core i3/ 8GB/ 512GB SSD/ Win11 Home),515.6,50,intel,core i3,6,8,8,SSD,512,intel,integrated,0,15.6,1920,1080,windows,1,137
705,717,msi,MSI Bravo 15 C7UCXK-094IN Gaming Laptop (AMD Ryzen 5 7535HS/ 16 GB RAM/ 512 GB SSD/ Win 11/ 4 GB Graphics),695.5,67,amd,ryzen 5,6,12,16,SSD,512,nvidia,dedicated,0,15.6,1920,1080,windows,2,69
706,718,msi,MSI Bravo 15 C7UCXK-095IN Gaming Laptop (AMD Ryzen 5 7535HS/ 8 GB RAM/ 512 GB SSD/ Win 11/ 4 GB Graphics),659.52,65,amd,ryzen 5,6,12,8,SSD,512,nvidia,dedicated,0,15.6,1920,1080,windows,2,11
707,719,dell,Dell Latitude 3420 GD723YX17 Laptop (11th Gen Core i5/ 8GB/ 512GB SSD/ Ubuntu),575.56,60,intel,core i5,4,8,8,SSD,512,intel,integrated,0,14.0,1366,768,ubuntu,1,71
708,720,msi,MSI Bravo 15 C7VFK-087IN Gaming Laptop (AMD Ryzen 7 7735HS/ 16GB/ 1TB SSD/ Win11 Home/ 8GB Graph),1259.19,78,amd,ryzen 7,8,16,16,SSD,1024,nvidia,dedicated,0,15.6,1920,1080,windows,1,23
709,721,msi,MSI Bravo 15 C7UDXK-093IN Gaming Laptop (AMD Ryzen 5 7535HS/ 16 GB RAM/ 512 GB SSD/ Win 11/ 6 GB Graphics),899.38,69,amd,ryzen 5,6,12,16,SSD,512,nvidia,dedicated,0,15.6,1920,1080,windows,2,69
710,722,msi,MSI Bravo 15 C7VEK-088IN Gaming Laptop (AMD Ryzen 7 7735HS/ 16GB/ 1TB SSD/ Win11 Home/ 6GB Graph),1139.25,77,amd,ryzen 7,8,16,16,SSD,1024,nvidia,dedicated,0,15.6,1920,1080,windows,1,23
711,723,acer,Acer One 14 Z8-415 2023 Laptop (11th Gen Core i5 / 16GB/ 512GB SSD/ Win11 Home),491.61,60,intel,core i5,4,8,16,SSD,512,intel,integrated,0,14.0,1920,1080,windows,1,46
712,724,msi,MSI Thin GF63 11UCX-1471IN Gaming Laptop (11th Gen Core i5/ 8GB/ 512GB SSD/ Win11 Home/ 4GB Graph),611.54,66,intel,core i5,6,12,8,SSD,512,nvidia,dedicated,0,15.6,1920,1080,windows,2,19
713,725,asus,Asus Vivobook 15 X1504ZA-NJ521WS Laptop (12th Gen Core i5/ 8GB/ 512GB SSD/ Win11),575.44,59,intel,core i5,10,12,8,SSD,512,intel,integrated,0,15.6,1920,1080,windows,1,15
714,726,msi,MSI Bravo 17 C7VEK-035IN Gaming Laptop (AMD Ryzen 7 7735HS/ 16GB/ 1TB SSD/ Win11 Home/ 6GB Graph),1139.25,77,amd,ryzen 7,8,16,16,SSD,1024,nvidia,dedicated,0,17.3,1920,1080,windows,1,23
715,727,msi,MSI Bravo 15 C7VEK-089IN Gaming Laptop (AMD Ryzen 5 7535HS/ 16GB/ 512GB SSD/ Win11 Home/ 6GB Graph),1019.32,75,amd,ryzen 5,6,12,16,SSD,512,nvidia,dedicated,0,15.6,1920,1080,windows,1,69
716,728,hp,HP 255 G9 7M654PA Laptop (12th Gen Core i3/ 8GB/ 512 GB SSD/ Win11),467.62,63,intel,core i3,6,8,8,SSD,512,amd,integrated,0,15.6,1366,768,windows,1,41
717,729,dell,Dell Inspiron 5620 ICC-C783531WIN8 Laptop (12th Gen Core i5/ 16GB/ 512GB SSD/ Win11/ 2GB Graph),955.75,70,intel,core i5,12,16,16,SSD,512,nvidia,dedicated,0,16.0,1920,1080,windows,1,80
718,730,msi,MSI Modern 14 C12M-670IN Laptop (12th Gen Core i7/ 8GB/ 512GB SSD/ Win11 Home) Price,731.48,63,intel,core i7,10,12,8,SSD,512,intel,integrated,0,14.0,1920,1080,windows,1,0
719,731,msi,MSI Thin GF63 11UC-1475IN Gaming Laptop (11th Gen Core i5/ 8GB/ 512GB SSD/ Win11 Home/ 4GB Graph),623.54,70,intel,core i5,6,12,8,SSD,512,nvidia,dedicated,0,15.6,1920,1080,windows,2,19
720,732,dell,Dell XPS 9530 2023 Laptop (13th Gen Core i7/ 32GB/ 1TB SSD/ Win11/ 6GB Graph),3352.03,88,intel,core i7,14,20,32,SSD,1024,nvidia,dedicated,1,15.6,3456,2160,windows,1,12
721,733,dell,Dell XPS 13 Plus 9320 2023 Laptop (13th Gen Core i7/ 32GB/ 1TB SSD/ Win11),2422.55,82,intel,core i7,12,16,32,SSD,1024,intel,integrated,1,13.4,3840,2400,windows,1,117
722,734,lenovo,Lenovo Thinkpad E14 G4 21E3006UIG Laptop (12th Gen Core i5/ 8GB/ 512GB SSD/ DOS),803.56,63,intel,core i5,10,12,8,SSD,512,intel,integrated,0,14.0,1920,1080,dos,1,90
723,735,lenovo,Lenovo Thinkpad E14 G4 21E3S02M00 Laptop (12th Gen Core i7/ 16GB/ 512GB SSD/ Win11 Pro),1499.17,75,intel,core i7,10,12,16,SSD,512,intel,integrated,0,14.0,1920,1080,windows,1,9
724,736,lg,LG UltraPC 16 16U70R-G.AH76A2 Laptop (AMD Ryzen7-7730U/ 16GB/ 512GB SSD/ Win11),1076.99,75,amd,ryzen 7,8,16,16,SSD,512,amd,integrated,1,16.0,1920,1200,windows,1,37
725,737,lg,LG Gram Style 14 14Z90RS-G.CH74A2 Laptop (13th Gen Core i7/ 16GB/ 512GB SSD/ Win11),1810.99,72,intel,core i7,12,16,16,SSD,512,intel,integrated,0,14.0,2880,1800,windows,1,13
726,738,hp,HP Zbook Power G4-A Laptop (AMD Ryzen 7 6800H/ 16GB/ 1TB SSD/ Win11/ 4GB Graph),1574.92,72,amd,ryzen 7,8,16,16,SSD,1024,nvidia,dedicated,0,15.6,1920,1080,windows,1,72
727,739,lenovo,Lenovo Thinkbook 14 Gen 4 Laptop (12th Gen Core i5/ 16GB/ 1TB SSD/ Win11 Pro),905.49,62,intel,core i5,10,12,16,SSD,1024,intel,integrated,0,14.0,1920,1080,windows,1,5
728,740,axl,AXL Vayu Book LAP02 Laptop (Celeron N4020/ 4GB/ 256GB SSD / Win11 Home),215.76,38,intel,celeron,2,2,4,SSD,256,intel,integrated,0,15.6,1920,1080,windows,1,66
729,741,msi,MSI Modern 14 C7M-218IN Laptop (Ryzen 7 7730U/ 16GB/ 512GB SSD/ Win11),635.53,65,amd,ryzen 7,8,16,16,SSD,512,amd,integrated,0,14.0,1920,1080,windows,1,18
730,742,axl,AXL Vayu Book LAP01 Laptop (Celeron N4020/ 4GB/ 128GB SSD / Win11 Home),179.78,37,intel,celeron,2,2,4,SSD,128,intel,integrated,0,14.1,1920,1080,windows,1,124
731,743,dell,Dell Inspiron 3525 D560927WIN9S Laptop (AMD Ryzen 5-5500U/ 8GB/ 512GB SSD/ Win11),490.41,54,amd,ryzen 5,6,12,8,SSD,512,amd,integrated,0,15.6,1920,1080,windows,1,102
732,744,lenovo,Lenovo ThinkBook 15 G3 ACL 21A4A08UIH Laptop (AMD Ryzen 5 5500U/ 8 GB/ 512 GB SSD/ DOS),491.61,57,amd,ryzen 5,6,12,8,SSD,512,amd,integrated,0,15.6,1920,1080,dos,1,14
733,745,asus,Asus Vivobook 14X 90NB11H2-M004D0 Laptop (12th Gen Core i5/ 16GB/ 512GB SSD/ Win11/4 GB Graphics),839.42,69,intel,core i5,8,12,16,SSD,512,nvidia,dedicated,0,14.0,1920,1200,windows,1,97
734,746,lenovo,Lenovo S14 82TW0019IH Laptop (12th Gen Core i5/ 8GB/ 512GB SSD/ Win11 Home),563.57,57,intel,core i5,10,12,8,SSD,512,intel,integrated,0,14.0,1920,1080,windows,1,0
735,747,hp,HP Pavilion 15-EH3101AU Laptop (AMD Ryzen 7- 7730U/ 16GB/ 512GB SSD/ Win11 Home),780.77,66,amd,ryzen 7,8,16,16,SSD,512,amd,integrated,0,15.6,1920,1080,windows,1,121
736,748,lenovo,Lenovo ThinkBook 15 G3 ACL 21A4A08VIH Laptop (AMD Ryzen 5 5500U/ 8 GB/ 512 GB SSD/ Win11 Home),457.8,59,amd,ryzen 5,6,12,8,SSD,512,amd,integrated,0,15.6,1920,1080,windows,1,14
737,749,asus,Asus Vivobook Pro 15 M6500QF-HN741WS  Laptop (Ryzen 7 5800H/ 16GB/ 512GB SSD/ Win11/ 4GB Graph),779.45,64,amd,ryzen 7,8,16,16,SSD,512,nvidia,dedicated,0,15.6,1920,1080,windows,1,85
738,750,dell,Dell Alienware x14 R2 Gaming Laptop (13th Gen Core i7/ 16GB/ 1TB SSD/ Win 11/ 6GB Graph),2464.52,72,intel,core i7,10,16,16,SSD,1024,nvidia,dedicated,0,14.0,2560,1600,windows,1,123
739,751,asus,Asus Vivobook S15 OLED 2023 S5504VA-MA554WS Laptop (13th Gen Core i5/ 16GB/ 1TB SSD/ Win11),1142.97,66,intel,core i5,12,16,16,SSD,1024,intel,integrated,0,15.6,2880,1620,windows,1,40
740,752,asus,Asus VivoBook 15 X515EA-EJ328WS Laptop (11th Gen Core i3/ 8GB/ 512GB SSD/ Win11),420.76,53,intel,core i3,2,4,8,SSD,512,intel,integrated,0,15.6,1920,1080,windows,1,74
741,753,acer,Acer Aspire 7 A715-76G UN.QMESI.004 Gaming Laptop (12th Gen Core i5/ 16GB/ 512GB SSD/ Win11 Home/ 4GB Graph),659.52,69,intel,core i5,8,12,16,SSD,512,nvidia,dedicated,0,15.6,1920,1080,windows,1,47
742,754,lenovo,Lenovo V15 G4 82YU00W6IN Laptop (AMD Ryzen 3 7320U/ 8GB/ 512GB SSD/ DOS),335.7,54,amd,ryzen 3,4,8,8,SSD,512,amd,integrated,0,15.6,1920,1080,dos,1,14
743,755,lenovo,Lenovo Thinkpad E14 20TA00J2IG Laptop (11th Gen Core i5/ 16GB/ 512GB SSD/ Win11 Pro),886.31,64,intel,core i5,4,8,16,SSD,512,intel,integrated,0,14.0,1920,1080,windows,3,46
744,756,lenovo,Lenovo V15 G3 IAP Laptop (12th Gen Core i3/ 8GB/ 512GB SSD/Win11),419.65,53,intel,core i3,6,8,8,SSD,512,intel,integrated,0,15.6,1920,1080,windows,1,82
745,757,lenovo,Lenovo V14 G3 IAP Laptop (12th Gen Core i3/ 8GB/ 512GB SSD/ Win11),419.65,54,intel,core i3,6,8,8,SSD,512,intel,integrated,0,14.0,1920,1080,windows,1,0
746,758,lenovo,Lenovo V15 G3 Laptop (12th Gen Core i5/ 8GB/ 512GB SSD/Win11),562.49,56,intel,core i5,10,12,8,SSD,512,intel,integrated,0,15.6,1920,1080,windows,1,146
747,759,lenovo,Lenovo V15 G3 82C7007SGE Laptop (AMD Ryzen 3 7320U/ 8GB/ 512GB SSD/ Win11 Home),359.68,59,amd,ryzen 3,4,8,8,SSD,512,amd,integrated,0,15.6,1920,1080,windows,1,14
748,760,lenovo,Lenovo V14 G3 IAP Laptop (12th Gen Core i5/ 8GB/ 512GB SSD/ Win11),557.57,57,intel,core i5,10,12,8,SSD,512,intel,integrated,0,14.0,1920,1080,windows,1,0
749,761,dell,Dell Inspiron 5630 Laptop (13th Gen Core i7/ 16GB/ 512GB SSD/ Win11),1138.17,71,intel,core i7,12,16,16,SSD,512,intel,integrated,0,16.0,2560,1600,windows,1,52
750,762,lenovo,Lenovo IdeaPad Slim 3 82H803B6IN Laptop (11th Gen Core i7/ 16GB/ 512GB SSD/ Win11),624.87,66,intel,core i7,4,8,16,SSD,512,intel,integrated,0,15.6,1920,1080,windows,1,4
751,763,hp,HP Victus 16-d0302TX Gaming Laptop (11th Gen Core i5/ 8GB/ 512GB SSD/ Win11/ 4GB Graph),701.6,71,intel,core i5,6,12,8,SSD,512,nvidia,dedicated,0,16.1,1920,1080,windows,1,19
752,764,lenovo,Lenovo IdeaPad 5 15ITL05 82FG01UUIN Laptop (11th Gen Core i7/ 16GB/ 512GB SSD/ Win11/ 2GB Graphic),898.17,64,intel,core i7,4,8,16,SSD,512,nvidia,dedicated,0,15.6,1920,1080,windows,1,70
753,765,dell,Dell Inspiron 3530 Laptop (13th Gen Core i5/ 8GB/ 512GB SSD/ Win11 Home),743.47,56,intel,core i5,10,12,8,SSD,512,intel,integrated,0,15.6,1920,1080,windows,1,15
754,766,hp,HP 15s-ey1509AU Laptop (AMD Athlon Silver 3050U/ 8GB/ 512GB SSD/ Win11),344.81,49,amd,other,2,2,8,SSD,512,amd,integrated,0,15.6,1366,768,windows,1,35
755,767,dell,Dell G16-7630 2023 Gaming Laptop (13th Gen Core i7/ 16GB/ 1TB SSD/ Win11/ 8GB Graph),1894.84,78,intel,core i7,14,20,16,SSD,1024,nvidia,dedicated,0,16.0,2560,1600,windows,1,27
756,768,dell,Dell 2023 G16-7630 Gaming Laptop (13th Gen Core i7/ 32GB/ 1TB SSD/ Win11/ 8GB Graph),1996.78,82,intel,core i7,14,20,32,SSD,1024,nvidia,dedicated,0,16.0,2560,1600,windows,1,55
757,769,dell,Dell Inspiron 7430 IC7430FD64T001ORS1 Laptop (13th Gen Core i7/ 16GB/ 512GB SSD/ Win11),1193.22,59,intel,core i7,10,12,16,SSD,512,intel,integrated,1,14.0,1920,1200,windows,1,94
758,770,dell,Dell Inspiron 7430 IC7430VVR8C001ORS1 Laptop (13th Gen Core i5/ 16GB/ 512GB SSD/ Win11),959.71,58,intel,core i5,10,12,16,SSD,512,intel,integrated,1,14.0,1920,1200,windows,1,94
759,771,hp,HP 14s-dr3003TU 832T7PA Laptop (Pentium Silver N6000/ 8GB/ 512GB SSD/ Win11 Home),338.29,50,intel,pentium,4,4,8,SSD,512,intel,integrated,0,14.0,1366,768,windows,1,127
760,772,dell,Dell Inspiron 15 3530 Laptop (13th Gen Core i3/ 8GB/ 512GB SSD/ Win11 Home),515.6,57,intel,core i3,5,6,8,SSD,512,intel,integrated,0,15.6,1920,1080,windows,1,91
761,773,infinix,Infinix INBook X2 Slim Series XL23 Laptop (11th Gen Core i5/ 16GB/ 512GB SSD/ Win 11 Home),467.62,58,intel,core i5,4,8,16,SSD,512,intel,integrated,0,14.0,1920,1080,windows,1,46
762,774,dell,Dell Inspiron 5430 IN54304D6P9M01ORS1 Laptop (13th Gen Core i7/ 16GB/ 512GB SSD/ Win11),1067.17,56,intel,core i7,10,12,16,SSD,512,intel,integrated,0,14.0,1920,1080,windows,1,94
763,775,dell,Dell Inspiron 5430 IN54308TR2G001ORS1 Laptop (13th Gen Core i5/ 16GB/ 512GB SSD/ Win11),863.4,52,intel,core i5,10,12,16,SSD,512,intel,integrated,0,14.0,1920,1080,windows,1,94
764,776,dell,Dell Inspiron 7430 IC7430PXXWC001ORS1 Laptop (13th Gen Core i5/ 8GB/ 512GB SSD/ Win11),887.39,57,intel,core i5,10,12,8,SSD,512,intel,integrated,1,14.0,1920,1200,windows,1,65
765,777,asus,Asus Vivobook Go 15 E510MA-EJ011WS Laptop (Intel Celeron N4020/ 8GB/ 256GB SSD/ Win11 Home),335.7,45,intel,celeron,2,2,8,SSD,256,intel,integrated,0,15.6,1920,1080,windows,1,66
766,778,hp,HP Victus 15-fb0137AX Gaming Laptop (Ryzen 7 5800H/ 16GB/ 512GB SSD/ Win11/ 4GB Graph),887.39,67,amd,ryzen 7,8,16,16,SSD,512,nvidia,dedicated,0,15.6,1920,1080,windows,1,32
767,779,asus,Asus Vivobook 15 X515EA-EJ542WS Laptop (11th Gen Core i5/ 16GB/ 512GB SSD/ Win11),593.55,58,intel,core i5,4,8,16,SSD,512,intel,integrated,0,15.6,1920,1080,windows,1,4
768,780,dell,Dell Inspiron 5430 IN5430YXVW9M01ORS1 Laptop (13th Gen Core i5/ 8GB/ 512GB SSD/ Win11),743.47,56,intel,core i5,10,12,8,SSD,512,intel,integrated,0,14.0,1920,1080,windows,1,65
769,781,hp,HP ProBook 445 G8 7K2J8PA Business Laptop (AMD Ryzen 7 5800U/ 8GB/ 512GB SSD/ FreeDOS),550.48,63,amd,ryzen 7,8,16,8,SSD,512,amd,integrated,0,14.0,1920,1080,dos,1,57
770,782,hp,HP Pavilion 15s-fq5190TU Laptop (12th Gen Core i7/ 16GB/ 512GB SSD/ Win11 Home),821.42,65,intel,core i7,10,12,16,SSD,512,intel,integrated,0,15.6,1920,1080,windows,1,84
771,783,hp,HP Victus 15-fb0133AX Gaming Laptop (AMD Ryzen 5 5600H/ 16GB/ 512GB SSD/ Win11/ 4GB Graph),759.35,67,amd,ryzen 5,6,12,16,SSD,512,amd,dedicated,0,15.6,1920,1080,windows,1,28
772,784,asus,Asus Vivobook 16 2023 M1605YA-MB521WS Laptop (Ryzen 5 7530U / 8GB/ 512GB SSD/ Win11 Home),587.56,63,amd,ryzen 5,6,12,8,SSD,512,amd,integrated,0,16.0,1920,1200,windows,1,64
773,785,lenovo,Lenovo V14 G3 82TSA01KIH Laptop (12th Gen Core i3/ 8GB/ 512GB SSD/ Dos),377.67,50,intel,core i3,6,8,8,SSD,512,intel,integrated,0,14.0,1920,1080,dos,1,67
774,786,hp,HP 14-ep0068TU Laptop (Core i3-N305/ 8GB/ 512GB SSD/ Win11 Home),467.62,47,intel,core i3,8,8,8,SSD,512,intel,integrated,0,14.0,1920,1080,windows,1,56
775,787,hp,HP Victus 15-fb0136AX Gaming Laptop (AMD Ryzen 5 5600H/ 16GB/ 512GB SSD/ Win11/ 4GB Graph),779.45,66,amd,ryzen 5,6,12,16,SSD,512,nvidia,dedicated,0,15.6,1920,1080,windows,1,32
776,788,acer,Acer One 14 Z2-493 Business Laptop (AMD Ryzen 5 / 8GB/ 512GB SSD/ Win11),394.46,56,amd,ryzen 5,4,8,8,SSD,512,amd,integrated,0,14.0,1366,768,windows,1,106
777,789,msi,MSI Katana 15 B12UDXK-1017IN Gaming Laptop (12th Gen Core i7/ 8GB/ 512GB SSD/ Win11 Home/ 6GB Graph),1103.27,75,intel,core i7,10,16,8,SSD,512,nvidia,dedicated,0,15.6,1920,1080,windows,2,122
778,790,msi,MSI Katana 15 B12UDXK-1019IN Gaming Laptop (12th Gen Core i5/ 16GB/ 1TB SSD/ Win11 Home/ 6GB Graph),1055.3,75,intel,core i5,8,12,16,SSD,1024,nvidia,dedicated,0,15.6,1920,1080,windows,2,21
779,791,acer,Acer One 14 Business Z2-493 Laptop (Ryzen 3 3250U/ 8GB/ 512GB SSD/ Win11),347.8,53,amd,ryzen 3,2,4,8,SSD,512,amd,integrated,0,14.0,1366,768,windows,1,106
780,792,hp,HP 15s-fq3071TU Laptop (Intel Celeron N4500/ 8GB/ 512GB SSD/ Win11 Home),353.69,50,intel,celeron,2,2,8,SSD,512,intel,integrated,0,15.0,1366,768,windows,1,16
781,793,hp,HP Victus 15-fb0135AX Gaming Laptop (AMD Ryzen 5 5600H/ 8GB/ 512GB SSD/ Win11/ 4GB Graph),743.47,64,amd,ryzen 5,6,12,8,SSD,512,nvidia,dedicated,0,15.6,1920,1080,windows,1,11
782,794,asus,Asus Zenbook 14X OLED 2023 UM5401QA-KM751WS Laptop (Ryzen 7 5800HS / 16GB/ 1TB SSD/ Win11 Home),923.37,64,amd,ryzen 7,8,16,16,SSD,1024,amd,integrated,0,14.0,2880,1800,windows,1,86
783,795,dell,Dell G15-5530 Gaming 2023 Laptop (13th Gen Core i7/ 16GB/ 512GB SSD/ Win11/ RTX 4060 8GB Graph),1790.49,76,intel,core i7,14,16,16,SSD,512,nvidia,dedicated,0,15.6,1920,1080,windows,1,80
784,796,acer,Acer Aspire 5 A515-58P NX.KHJSI.001 Gaming Laptop (13th Gen Core i3/ 8GB/ 512GB SSD/ Win11 Home),479.62,51,intel,core i3,6,8,8,SSD,512,intel,integrated,0,15.6,1920,1080,windows,1,137
785,797,hp,HP Pavilion 15-eg3027TU Laptop (13th Gen Core i5/ 16GB/ 512GB SSD/ Win11 Home),905.9,66,intel,core i5,12,16,16,SSD,512,intel,integrated,0,15.6,1920,1080,windows,1,84
786,798,dell,DELL Inspiron 3530 Laptop (13th Gen Core i3/ 8GB/ 256GB SSD/ Win11 Home),515.72,52,intel,core i3,8,8,8,SSD,256,intel,integrated,0,15.6,1920,1080,windows,1,137
787,799,dell,Dell G16-7630 Gaming Laptop (13th Gen Core i9/ 16GB/ 1TB SSD/ Win11/ 8GB Graph),2254.64,79,intel,core i9,24,32,16,SSD,1024,nvidia,dedicated,0,16.0,2560,1600,windows,1,78
788,800,dell,Dell G15-5530 Gaming Laptop (13th Gen Core i7/ 16GB/ 512GB SSD/ Win11/ RTX 4050 6GB Graph),1319.15,73,intel,core i7,14,16,16,SSD,512,nvidia,dedicated,0,15.6,1920,1080,windows,1,80
789,801,dell,Dell G15-5530 2023 Gaming Laptop (13th Gen Core i7/ 16GB/ 512GB SSD/ Win11/ RTX 4050 6GB Graph),1559.02,75,intel,core i7,14,20,16,SSD,512,nvidia,dedicated,0,15.6,1920,1080,windows,1,80
790,802,dell,Dell G15-5530 GN553064GRM002ORB1 Gaming Laptop (13th Gen Core i5/ 8GB/ 512GB SSD/ Win11/ 6GB Graph),976.29,69,intel,core i5,10,16,8,SSD,512,nvidia,dedicated,0,15.6,1920,1080,windows,1,122
791,803,acer,Acer Aspire Vero AV14-52P NX.KJTSI.002 Laptop (13th Gen Core i3/ 16GB/ 512GB SSD/ Win11 Home),599.55,50,intel,core i3,6,8,16,SSD,512,intel,integrated,0,14.0,1920,1080,windows,1,46
792,804,acer,Acer Aspire Vero AV14-52P NX.KJSSI.002 Laptop (13th Gen Core i5/ 16GB/ 512GB SSD/ Win11 Home),698.84,59,intel,core i5,10,12,16,SSD,512,intel,integrated,0,14.0,1920,1080,windows,1,53
793,805,acer,Acer Aspire 5 A515-58M NX.KHGSI.002 Gaming Laptop (13th Gen Core i5/ 16GB/ 512GB SSD/ Win11 Home),677.51,52,intel,core i5,10,12,16,SSD,512,intel,integrated,0,15.6,1920,1080,windows,1,107
794,806,acer,Acer Aspire 5 A515-58M NX.KHFSI.001 Gaming Laptop (13th Gen Core i5/ 8GB/ 512GB SSD/ Win11 Home),670.43,50,intel,core i5,10,12,8,SSD,512,intel,integrated,0,15.6,1920,1080,windows,1,33
795,807,hp,HP Pavilion x360 14-ek1020TU Laptop (13th Gen Core i7/ 16GB/ 512 GB SSD/ Win11),1104.23,71,intel,core i7,10,12,16,SSD,512,intel,integrated,1,14.0,1920,1080,windows,1,9
796,808,asus,Asus Vivobook 15X 2023 K3504VAB-NJ321WS Laptop (13th Gen Core i3/ 8GB/ 512GB SSD/ Win11 Home),479.62,54,intel,core i3,6,8,8,SSD,512,intel,integrated,0,15.6,1920,1080,windows,1,93
797,809,msi,MSI Stealth 17 Studio A13VG-029IN Gaming Laptop (13th Gen Core i7/ 16GB/ 2TB SSD/ Win11 Home/ 8GB Graph),3358.03,85,intel,core i7,14,20,16,SSD,2048,nvidia,dedicated,0,17.3,2560,1440,windows,2,98
798,810,asus,Asus TUF A15 FA577RM-HQ032WS Laptop (Ryzen 7 6800H/ 16GB/ 1TB SSD/ Win11 Home/ 6GB Graph),1256.3,71,amd,ryzen 7,8,16,16,SSD,1024,nvidia,dedicated,0,15.6,2560,1440,windows,1,17
799,811,asus,Asus TUF Gaming F15 2023 FX507VU-LP083WS Gaming Laptop (13th Gen Core i7/ 16GB/ 512GB SSD/ Win11 Home/ 6GB Graph),1521.84,73,intel,core i7,14,20,16,SSD,512,nvidia,dedicated,0,15.6,1920,1080,windows,1,30
800,812,asus,Asus ROG Zephyrus G14 2023 GA402XV-N2034WS Gaming Laptop (AMD Ryzen 9 7940HS/ 32GB/ 1TB SSD/ Win11/ 8GB Graph),2398.56,89,amd,ryzen 9,8,16,32,SSD,1024,nvidia,dedicated,0,14.0,2560,1600,windows,1,34
801,813,asus,Asus TUF Gaming A15 2023 FA577XU-LP041WS Gaming Laptop (AMD Ryzen 9 7940HS/ 16GB/ 1TB SSD/ Win11 Home/ 6GB Graph),1583.01,84,amd,ryzen 9,8,16,16,SSD,1024,nvidia,dedicated,0,15.6,1920,1080,windows,1,23
802,814,asus,Asus TUF Gaming F15 2023 FX507VU-LP091WS Gaming Laptop (13th Gen Core i7/ 16GB/ 1TB SSD/ Win11 Home/ 6GB Graph),1605.8,75,intel,core i7,14,20,16,SSD,1024,nvidia,dedicated,0,15.6,1920,1080,windows,1,10
803,815,asus,Asus TUF Gaming A15 2023 FA577XV-HQ036WS Gaming Laptop (AMD Ryzen 9 7940HS/ 16GB/ 1TB SSD/ Win11 Home/ 8GB Graph),1858.86,83,amd,ryzen 9,8,16,16,SSD,1024,nvidia,dedicated,0,15.6,2560,1440,windows,1,17
804,816,lenovo,Lenovo IdeaPad Slim 5 82FG01B3IN Laptop (11th Gen Core i5/ 16GB/ 512GB SSD/ Win11 Home),634.45,67,intel,core i5,4,8,16,SSD,512,intel,integrated,0,15.6,1920,1080,windows,1,4
805,817,asus,Asus ROG Strix G16 2023 G614JU-N3221WS Gaming Laptop (13th Gen Core i5/ 16GB/ 1TB SSD/ Win11/ 6GB Graph),1731.92,73,intel,core i5,10,16,16,SSD,1024,nvidia,dedicated,0,16.0,1920,1200,windows,1,20
806,818,asus,Asus TUF Gaming A15 FA577NU-LP082W Gaming Laptop (AMD Ryzen 7 7735HS/ 16GB/ 512GB SSD/ Win11/ 6GB Graph),1139.25,77,amd,ryzen 7,8,16,16,SSD,512,nvidia,dedicated,0,15.6,1920,1080,windows,1,85
807,819,asus,Asus ROG Zephyrus G14 2023 GA402XZ-N2020WS Gaming Laptop (AMD Ryzen 9 7940HS/ 32GB/ 1TB SSD/ Win11/ 12GB Graph),3130.16,89,amd,ryzen 9,8,16,32,SSD,1024,nvidia,dedicated,0,14.0,2560,1600,windows,1,34
808,820,asus,Asus ROG Zephyrus G14 2023 GA402NU-N2023WS Gaming Laptop (AMD Ryzen 7 7735HS/ 16GB/ 1TB SSD/ Win11/ 6GB Graph),1798.89,76,amd,ryzen 7,8,16,16,SSD,1024,nvidia,dedicated,0,14.0,2560,1600,windows,1,79
809,821,asus,Asus TUF Gaming A17 FA777XU-HX026WS Gaming Laptop (AMD Ryzen 9 7940HS / 16GB/ 1TB SSD/ Win11 Home/ 6GB Graph),1618.99,80,amd,ryzen 9,8,16,16,SSD,1024,nvidia,dedicated,0,17.3,1920,1080,windows,1,23
810,822,asus,Asus Vivobook 15X OLED M3504YA-LK541WS Laptop (AMD Ryzen 5 7530U/ 16GB/ 512GB SSD/ Win11 Home),724.15,67,amd,ryzen 5,6,12,16,SSD,512,intel,integrated,0,15.6,1920,1080,windows,1,37
811,823,lenovo,Lenovo IdeaPad 3 15IAU7 82RK00LWIN Laptop (12th Gen Core i5/ 8GB/ 512GB SSD/ Win11 Home),633.18,58,intel,core i5,10,12,8,SSD,512,intel,integrated,0,15.6,1920,1080,windows,1,146
812,824,asus,Asus ROG Flow Z13 2023 GZ301VV-MU014WS Gaming Laptop (13th Gen Core i9/ 16GB/ 1TB SSD/ Win11 Home/ 8GB Graph),2517.29,73,intel,core i9,14,20,16,SSD,1024,nvidia,dedicated,1,13.4,2560,1600,windows,1,123
813,825,asus,Asus TUF Gaming F15 2023 FX507VV-LP071WS Gaming Laptop (13th Gen Core i9/ 16GB/1TB SSD/ Win11 Home/ 8GB Graph),1858.86,82,intel,core i9,14,20,16,SSD,1024,nvidia,dedicated,0,15.6,1920,1080,windows,1,10
814,826,asus,Asus Vivobook S15 2022 K3502ZA-KJ542WS Laptop (12th Gen Core i5/ 16GB/ 512GB SSD/ Win11),839.42,66,intel,core i5,12,16,16,SSD,512,intel,integrated,0,15.6,1920,1080,windows,1,31
815,827,asus,Asus Vivobook 16X 2023 K3605ZC-MB541WS Laptop (12th Gen Core i5/ 16GB/ 512GB SSD/ Win11 Home/ 4GB Graph),1018.84,72,intel,core i5,8,12,16,SSD,512,nvidia,dedicated,0,16.0,1920,1200,windows,1,3
816,828,hp,HP Victus 15-fa0092TX Gaming Laptop (12th Gen Core i5/ 16GB/ 512GB SSD/ Win11/ 4GB Graph),839.42,65,intel,core i5,8,12,16,SSD,512,nvidia,dedicated,0,15.6,1920,1080,windows,1,38
817,829,acer,Acer Predator Helios 16 PH16-71 Gaming Laptop (13th Gen Core i7/ 16GB/ 512GB SSD/ Win11/ 8GB Graph),1719.85,70,intel,core i7,16,24,16,SSD,512,nvidia,dedicated,0,16.0,2560,1600,windows,1,59
818,830,asus,Asus Vivobook Pro 15 OLED K6502VU-MA541WS Laptop (13th Gen Core i5/ 16GB/ 512GB SSD/ Win11 Home/ 6GB Graph),1360.06,75,intel,core i5,12,16,16,SSD,512,nvidia,dedicated,0,15.6,2880,1620,windows,1,140
819,831,dell,Dell Alienware x14 R2 2023 Gaming Laptop (13th Gen Core i7/ 32GB/ 1TB SSD/ Win 11/ 8GB Graph),2704.39,78,intel,core i7,10,16,32,SSD,1024,nvidia,dedicated,0,14.0,2560,1600,windows,1,34
820,832,dell,Dell Alienware m16 Gaming Laptop (13th Gen Core i7/ 16GB/ 1TB SSD/ Win 11/ 8GB Graph),2650.42,83,intel,core i7,16,24,16,SSD,1024,nvidia,dedicated,0,16.0,2560,1600,windows,1,27
821,833,hp,HP 15-hr0000TU Laptop (13th Gen Core i5/ 8GB/ 512GB SSD/ Win11 Home),808.35,57,intel,core i5,10,12,8,SSD,512,intel,integrated,0,15.6,1920,1080,windows,1,135
822,834,hp,HP 15-hr0001TU Laptop (13th Gen Core i5/ 16GB/ 512GB SSD/ Win11 Home),779.45,59,intel,core i5,10,12,16,SSD,512,intel,integrated,0,15.6,1920,1080,windows,1,84
823,835,msi,MSI Thin GF63 12UCX-269IN Gaming Laptop (12th Gen Core i5/ 16GB/ 1TB 256GB SSD/ Win11 Home/ 4GB Graph),923.37,69,intel,core i5,8,12,16,HDD,1024,nvidia,dedicated,0,15.6,1920,1080,windows,1,21
824,836,msi,MSI Katana 15 B12UDXK-1006IN Gaming Laptop (12th Gen Core i5/ 8GB/ 512GB SSD/ Win11 Home/ 6GB Graph),875.4,71,intel,core i5,8,12,8,SSD,512,nvidia,dedicated,0,15.6,1920,1080,windows,2,19
825,837,acer,Acer Swift Go 14 SFG14-41 NX.KG3SI.003 Laptop (AMD Ryzen 5 7530U/ 16GB/ 512GB SSD/ Win11 Home),707.49,62,amd,ryzen 5,6,12,16,SSD,512,amd,integrated,0,14.0,1920,1080,windows,1,18
826,838,hp,HP 15s-eq1580AU Laptop (AMD Ryzen 3 3250U/ 8GB/ 512GB SSD/ Win11 Home),395.66,58,amd,ryzen 3,2,4,8,SSD,512,amd,integrated,0,15.6,1920,1080,windows,1,139
827,839,hp,HP 15-fd0021TU Laptop (13th Gen Core i5/ 8GB/ 512GB SSD/ Win11 Home),737.47,57,intel,core i5,10,12,8,SSD,512,intel,integrated,0,15.6,1920,1080,windows,1,135
828,840,asus,Asus Vivobook S15 OLED 2023 S5504VA-MA741WS Laptop (13th Gen Core i7/ 16GB/ 512GB SSD/ Win11),1271.18,66,intel,core i7,14,20,16,SSD,512,intel,integrated,0,15.6,2880,1620,windows,1,52
829,841,msi,MSI Thin GF63 12VE-267IN Gaming Laptop (12th Gen Core i5/ 16GB/ 1TB 256GB SSD/ Win11/6GB Graphics),1043.31,73,intel,core i5,8,12,16,HDD,1024,nvidia,dedicated,0,15.6,1920,1080,windows,1,21
830,842,asus,Asus Vivobook 16X 2023 K3605VC-MB951WS Laptop (13th Gen Core i9/ 16GB/ 1TB SSD/ Win11 Home/ 4GB Graph),1336.53,76,intel,core i9,14,20,16,SSD,1024,nvidia,dedicated,0,16.0,1920,1200,windows,1,10
831,843,msi,MSI Stealth 16 Studio A13VG-030IN Gaming Laptop (13th Gen Core i7/ 32GB/ 1TB SSD/ Win11 Home/ 8GB Graph),2998.23,86,intel,core i7,14,20,32,SSD,1024,nvidia,dedicated,0,16.0,2560,1600,windows,2,55
832,844,asus,Asus Vivobook 14X 2023 K3405VF-LY541WS Laptop (13th Gen Core i5/ 16GB/ 512GB SSD/ Win11/4 GB Graphics),918.92,66,intel,core i5,12,16,16,SSD,512,nvidia,dedicated,0,14.0,1920,1200,windows,1,97
833,845,acer,Acer Predator Helios Neo 16 PHN16-71 2023 Gaming Laptop (13th Gen Core i7/ 16GB/ 1TB SSD/ Win11/ 8GB Graph),1715.04,78,intel,core i7,16,24,16,SSD,1024,nvidia,dedicated,0,16.0,2560,1600,windows,1,27
834,846,asus,Asus Vivobook 14X OLED 2023 K3405VCB-KM542WS Laptop (13th Gen Core i5/ 16GB/ 512GB SSD/ Win11/4 GB Graphics),1127.37,70,intel,core i5,12,16,16,SSD,512,nvidia,dedicated,0,14.0,2880,1800,windows,1,129
835,847,asus,Asus Vivobook Pro 15 OLED K6502VU-MA951WS Laptop (13th Gen Core i9/ 16GB/ 1TB SSD/ Win11 Home/ 6GB Graph),1937.09,84,intel,core i9,14,20,16,SSD,1024,nvidia,dedicated,0,15.6,2880,1620,windows,1,27
836,848,asus,Asus Zenbook Pro 14 Duo OLED 2023 UX8402VU-MZ551WS Laptop (13th Gen Core i5/ 16GB/ 1TB SSD/ Win11 Home/ 6GB Graph),2398.56,71,intel,core i5,12,16,16,SSD,1024,nvidia,dedicated,1,14.5,2880,1800,windows,1,123
837,849,hp,HP ProBook 440 G9 6J8T1PA Laptop (12th Gen Core i7/ 16GB/ 512GB SSD/ Win11),1415.22,75,intel,core i7,10,12,16,SSD,512,intel,integrated,0,14.0,1920,1080,windows,1,9
838,850,hp,HP 15-fd0024TU Laptop (13th Gen Core i7/ 16GB/ 512 GB SSD/ Win11 Home),954.55,66,intel,core i7,12,16,16,SSD,512,intel,integrated,0,15.6,1920,1080,windows,1,84
839,851,msi,MSI GF63 Thin 11SC-1298IN Gaming Laptop (11th Gen Core i7/ 16GB/ 1TB 256GB SSD/ Win11/ 4GB Graph),767.46,71,intel,core i7,8,16,16,HDD,1024,nvidia,dedicated,0,15.6,1920,1080,windows,1,21
840,852,asus,Asus VivoBook 15 X515EA-EJ342WS Laptop (11th Gen Core i3/ 16GB/ 512GB SSD/ Win11),431.64,56,intel,core i3,2,4,16,SSD,512,intel,integrated,0,15.6,1920,1080,windows,1,4
841,853,hp,HP 15s-fy5002TU Laptop (12th Gen Core i5/ 8GB/ 512GB SSD/ Win11 Home),635.53,57,intel,core i5,10,12,8,SSD,512,intel,integrated,0,15.6,1920,1080,windows,1,135
842,854,lenovo,Lenovo IdeaPad Gaming 3 15ACH6 82K2022XIN Laptop (AMD Ryzen 7-5800H/ 8GB/ 512GB SSD/ Win11 Home/ 4GB Graph),757.86,67,amd,ryzen 7,8,16,8,SSD,512,nvidia,dedicated,0,15.6,1920,1080,windows,1,50
843,855,lenovo,Lenovo Ideapad Gaming 3 15ACH6 82K20145IN Laptop (Ryzen 7 5800H/ 16GB/ 512GB SSD/ Win11 Home/ 4GB Graph),971.46,71,amd,ryzen 7,8,16,16,SSD,512,nvidia,dedicated,0,15.6,1920,1080,windows,1,114
844,856,acer,Acer One 14 Z8-415 Laptop (11th Gen Core i5 / 8GB/ 512GB SSD/ Win11 Home),479.62,58,intel,core i5,4,8,8,SSD,512,intel,integrated,0,14.0,1920,1080,windows,1,89
845,857,dell,Dell Alienware X16 R1 Gaming Laptop (13th Gen Core i9/ 32GB/ 1TB SSD/ Win 11/ 12GB Graph),4659.31,82,intel,core i9,14,20,32,SSD,1024,nvidia,dedicated,0,16.0,3200,1800,windows,1,12
846,858,hp,HP 15s-fy5003TU Laptop (12th Gen Core i3/ 8GB/ 512GB SSD/ Win11 Home),480.93,54,intel,core i3,6,8,8,SSD,512,intel,integrated,0,15.6,1920,1080,windows,1,95
847,859,dell,Dell Alienware M18 R1 Gaming Laptop (13th Gen Core i9/ 32GB/ 1TB SSD/ Win 11/ 12GB Graph),4419.44,83,intel,core i9,14,20,32,SSD,1024,nvidia,dedicated,0,18.0,3200,1800,windows,1,12
848,860,acer,Acer One 11 Z8-284 UN.013SI.014 Laptop ( Intel Celeron N4500/ 8GB/ 256GB SSD/ Win11 Home),441.36,47,intel,celeron,2,2,8,SSD,256,intel,integrated,0,11.6,1366,768,windows,1,105
849,861,hp,HP 15-fc0030AU Laptop (AMD Ryzen 5 7520U/ 16GB/ 512GB SSD/ Win11 Home),557.57,54,amd,ryzen 5,4,8,16,SSD,512,amd,integrated,0,15.6,1920,1080,windows,1,147
850,862,acer,Acer 16 Predator Neo NH.QLTSI.001 Laptop (13th Gen Core i5/ 16GB/ 512GB SSD/ Win11/ 6GB Graph),1259.29,65,intel,core i5,14,20,16,SSD,512,nvidia,dedicated,0,16.0,2560,1600,windows,1,59
851,863,hp,HP 15-fd0018TU Laptop (13th Gen Core i3/ 8GB/ 512GB SSD/ Win11 Home),571.49,51,intel,core i3,6,8,8,SSD,512,intel,integrated,0,15.6,1920,1080,windows,1,95
852,864,acer,Acer Predator Helios Neo 16 NH.QLTSI.002 Laptop (13th Gen Core i7/ 16GB/ 512GB SSD/ Win11/ 6GB Graph),1379.12,66,intel,core i7,16,24,16,SSD,512,nvidia,dedicated,0,16.0,2560,1600,windows,1,59
853,865,hp,HP 15-fd0006TU Laptop (13th Gen Core i3/ 8GB/ 512GB SSD/ Win11 Home),563.57,51,intel,core i3,6,8,8,SSD,512,intel,integrated,0,15.6,1920,1080,windows,1,95
854,866,hp,HP 15-fd0011TU Laptop (13th Gen Core i5/ 8GB/ 512GB SSD/ Win11 Home),725.48,54,intel,core i5,10,12,8,SSD,512,intel,integrated,0,15.6,1920,1080,windows,1,135
855,867,hp,HP Victus 15-fb0122AX Gaming Laptop (AMD Ryzen 5 5600H/ 8GB/ 512GB SSD/ Win11/ 4GB Graph),599.55,67,amd,ryzen 5,6,12,8,SSD,512,nvidia,dedicated,0,15.6,1920,1080,windows,1,11
856,868,hp,HP 15-fd0012TU Laptop (13th Gen Core i5/ 8GB/ 1TB SSD/ Win11 Home),786.65,56,intel,core i5,10,12,8,SSD,1024,intel,integrated,0,15.6,1920,1080,windows,1,42
857,869,realme,Realme Book Prime CloudPro002 Laptop (11th Gen Core i5/ 8GB/ 512GB SSD/ Win11),515.6,62,intel,core i5,4,8,8,SSD,512,intel,integrated,0,14.0,2160,1440,windows,1,109
858,870,hp,HP ProBook 440 G8 5D6U3PA Notebook PC (11th Gen Core i5/ 8GB/ 512GB SSD/ Win11),851.53,67,intel,core i5,4,8,8,SSD,512,intel,integrated,0,14.0,1366,768,windows,1,127
859,871,asus,Asus VivoBook 15 X515MA-BR024WS Laptop (Celeron N4020/ 8GB/ 512GB SSD/ Win11 Home),370.92,45,intel,celeron,2,2,8,SSD,512,intel,integrated,0,15.6,1366,768,windows,1,16
860,872,dell,Dell Vostro 15 3510 2023 Laptop (11th Gen Core i5/ 8GB/ 512GB SSD/ Win11 Home),575.56,63,intel,core i5,4,8,8,SSD,512,intel,integrated,0,15.6,1920,1080,windows,1,91
861,873,asus,Asus Vivobook 15 2023 X1504VA-NJ321WS Laptop (13th Gen Core i3/ 8GB/ 512GB SSD/ Win11),555.15,56,intel,core i3,6,8,8,SSD,512,intel,integrated,0,15.6,1920,1080,windows,1,93
862,874,asus,Asus Vivobook Pro 16 OLED 2023 K6602VU-LZ542WS Laptop (13th Gen Core i5/ 16GB/ 512GB SSD/ Win11/ 6GB Graph),1499.05,78,intel,core i5,12,16,16,SSD,512,nvidia,dedicated,0,16.0,3200,2000,windows,1,140
863,875,dell,Dell Vostro 3420 Laptop (11th Gen Core i5/ 16GB/ 512GB SSD/ Win11),623.54,63,intel,core i5,4,8,16,SSD,512,intel,integrated,0,14.0,1920,1080,windows,1,46
864,876,asus,Asus Vivobook Go 15 OLED 2023 E1504FA-LK545WS Laptop (Ryzen 5 7520U / 16GB/ 512GB SSD/ Win11 Home),707.49,60,amd,ryzen 5,4,8,16,SSD,512,amd,integrated,0,15.6,1920,1080,windows,1,147
865,877,dell,Dell Vostro 3425 Laptop (AMD Ryzen 5-5500U/ 8GB/ 512GB SSD/ Win11 Home),461.63,59,amd,ryzen 5,6,12,8,SSD,512,amd,integrated,0,14.0,1920,1080,windows,1,57
866,878,acer,Acer Aspire 5 A515-56G Laptop (11th Gen Core i5/ 8GB/ 512GB SSD/ Win11 Home/ 2GB Graph),539.63,64,intel,core i5,4,8,8,SSD,512,nvidia,dedicated,0,15.6,1920,1080,windows,1,130
867,879,acer,Acer Nitro 5 AN515-46 Gaming Laptop (Ryzen 5 6600H/ 16GB/ 1TB SSD/ Win11 Home/ 4GB Graph),1067.29,65,amd,ryzen 5,6,12,16,SSD,1024,nvidia,dedicated,0,15.6,2560,1440,windows,1,17
868,880,msi,MSI Thin GF63 12VF-268IN Laptop (12th Gen Core i5/ 16GB/ 1TB 256GB SSD/ Win11/ 8GB Graph),1163.24,77,intel,core i5,8,12,16,HDD,1024,nvidia,dedicated,0,15.6,1920,1080,windows,1,21
869,881,asus,Asus VivoBook 14 X1400EA-EK322WS Notebook (11th Gen Core i3/ 8GB/ 512GB SSD/ Win11 Home),383.67,59,intel,core i3,2,4,8,SSD,512,intel,integrated,0,14.0,1920,1080,windows,1,89
870,882,asus,Asus Zenbook 14 Flip OLED 2023 UP3404VA-KN742WS Laptop (13th Gen Core i7/ 16GB/ 512GB SSD/ Win11 Home),1583.13,73,intel,core i7,12,16,16,SSD,512,intel,integrated,1,14.0,2880,1800,windows,1,13
871,883,asus,Asus Zenbook 14 OLED 2023 UX3402VA-KN741WS Laptop (13th Gen Core i7/ 16GB/ 512GB SSD/ Win11 Home),1391.11,73,intel,core i7,12,16,16,SSD,512,intel,integrated,0,14.0,2880,1800,windows,1,13
872,884,asus,Asus Vivobook 14X OLED 2023 K3405VFB-KM541WS Laptop (13th Gen Core i5/ 16GB/ 512GB SSD/ Win11/4 GB Graphics),1079.29,70,intel,core i5,12,16,16,SSD,512,nvidia,dedicated,0,14.0,2880,1800,windows,1,129
873,885,hp,HP Victus 15-fa1066TX Gaming Laptop (13th Gen Core i7/ 16GB/ 512GB SSD/ Win11 Home/ 6GB Graph),1319.15,71,intel,core i7,14,20,16,SSD,512,nvidia,dedicated,0,15.6,1920,1080,windows,1,30
874,886,msi,MSI Summit E13 Flip Evo A11MT-213IN Laptop (11th Gen Core i7/ 16GB/ 512GB SSD/ Win10),983.34,65,intel,core i7,4,8,16,SSD,512,intel,integrated,1,13.4,1920,1200,windows,2,46
875,887,hp,HP Pavilion 15-eg2017TU Laptop (12th Gen Core i3/ 8GB/ 512GB SSD/ Win11 Home),630.73,60,intel,core i3,6,8,8,SSD,512,intel,integrated,0,15.6,1920,1080,windows,1,95
876,888,asus,Asus Zenbook 14 OLED 2023 UX3402VA-KN541WS Laptop (13th Gen Core i5/ 16GB/ 512GB SSD/ Win11 Home),1094.28,75,intel,core i5,12,16,16,SSD,512,intel,integrated,1,14.0,2880,1800,windows,1,13
877,889,asus,Asus Vivobook 16 2023 X1605VAB-MB544WS Laptop (13th Gen Core i5/ 16GB/ 512GB SSD/ Win11 Home),755.46,59,intel,core i5,10,12,16,SSD,512,intel,integrated,0,16.0,1920,1200,windows,1,31
878,890,msi,MSI Summit E13 Flip Evo A11MT-214IN Laptop (11th Gen Core i5/ 16GB/ 512GB SSD/ Win10),839.42,70,intel,core i5,4,8,16,SSD,512,intel,integrated,1,13.4,1920,1200,windows,2,46
879,891,hp,HP Victus 16-d0333TX Gaming Laptop (11th Gen Core i5/ 16GB/ 512GB SSD/ Win11/ 4GB Graph),773.57,75,intel,core i5,6,12,16,SSD,512,nvidia,dedicated,0,16.1,1920,1080,windows,1,38
880,892,asus,Asus Vivobook Flip 14 2023 TP3402VAB-LZ542WS Laptop (13th Gen Core i5/ 16GB/ 512GB SSD/ Win11 Home),862.78,64,intel,core i5,10,12,16,SSD,512,intel,integrated,1,14.0,1920,1200,windows,1,9
881,893,hp,HP Victus 15-fb0121AX Gaming Laptop (AMD Ryzen 5 5600H/ 8GB/ 512GB SSD/ Win11/ 4GB Graph),623.54,67,amd,ryzen 5,6,12,8,SSD,512,nvidia,dedicated,0,15.6,1920,1080,windows,1,11
882,894,hp,HP 15s-fq2738TU Laptop (11th Gen Core i3/ 8GB/ 512GB SSD/ Win 11 Home),407.64,56,intel,core i3,2,4,8,SSD,512,intel,integrated,0,15.6,1366,768,windows,1,16
883,895,asus,Asus Vivobook 15 X1502ZA-EJ953WS Laptop (12th Gen Core i3/ 8GB/ 512GB SSD/ Win11),477.22,52,intel,core i3,6,8,8,SSD,512,intel,integrated,0,15.6,1920,1080,windows,1,93
884,896,hp,HP Omen 16-n0123AX Gaming Laptop (AMD Ryzen 7 6800H/ 16GB/ 1TB SSD/ Win11/ 8GB Graph),1439.09,77,amd,ryzen 7,8,16,16,SSD,1024,nvidia,dedicated,0,16.1,2560,1440,windows,1,17
885,897,msi,MSI Raider GE68HX 13VG-027IN Gaming Laptop (13th Gen Core i9/ 32GB/ 2TB SSD/ Win11 Home/ 8GB Graph),3130.16,89,intel,core i9,24,24,32,SSD,2048,nvidia,dedicated,0,16.0,2560,1600,windows,2,1
886,898,asus,Asus Vivobook Go 14 E1404GA-NK322WS Laptop (Intel Core i3-N305/ 8GB/ 512GB SSD/ Win11 Home),467.5,48,intel,core i3,8,8,8,SSD,512,intel,integrated,0,14.0,1920,1080,windows,1,56
887,899,asus,Asus Vivobook 15 2023 X1504VA-NJ523WS Laptop (13th Gen Core i5/ 8GB/ 512GB SSD/ Win11),671.51,59,intel,core i5,10,12,8,SSD,512,intel,integrated,0,15.6,1920,1080,windows,1,15
888,900,msi,MSI Thin GF63 12UCX-265IN Gaming Laptop (12th Gen Core i5/ 16GB/ 512GB SSD/ Win11 Home/ 4GB Graph),781.85,65,intel,core i5,8,12,16,SSD,512,nvidia,dedicated,0,15.6,1920,1080,windows,2,7
889,901,msi,MSI GF63 Thin 11UC-1295IN Gaming Laptop (11th Gen Core i5/ 16GB/ 1TB 256GB SSD/ Win11 Home/ 4GB Graph),875.4,71,intel,core i5,6,12,16,HDD,1024,nvidia,dedicated,0,15.6,1920,1080,windows,1,21
890,902,acer,Acer Nitro 5 AN515-47 2023 Gaming Laptop (AMD Ryzen 5 7535HS/ 16GB/ 512GB SSD/ Win11/ 4GB Graph),827.42,73,amd,ryzen 5,6,12,16,SSD,512,nvidia,dedicated,0,15.6,1920,1080,windows,1,32
891,903,acer,Acer Predator Helios 16 PH16-71 Laptop (13th Gen Core i7/ 32GB/ 1TB SSD/ Win11/ 8GB Graph),2399.76,74,intel,core i7,16,24,32,SSD,1024,nvidia,dedicated,0,16.0,2560,1600,windows,1,55
892,904,acer,Acer Nitro 5 AN515-47 Gaming Laptop (AMD Ryzen 7 7735HS/ 16GB/ 512GB SSD/ Win11 Home/ 4GB Graph),934.17,72,amd,ryzen 7,8,16,16,SSD,512,nvidia,dedicated,0,15.6,1920,1080,windows,1,32
893,905,msi,MSI Stealth 16 Studio A13VF-023IN Gaming Laptop (13th Gen Core i7/ 32GB/ 1TB SSD/ Win11 Home/ 8GB Graph),2638.43,84,intel,core i7,14,20,32,SSD,1024,nvidia,dedicated,0,15.6,2560,1600,windows,2,55
894,906,lenovo,Lenovo ThinkPad P14s 21AKS02800 Laptop (12th Gen Core i7/ 16GB/ 512GB SSD/ Win11 Pro/ 4GB Graphics),1478.44,78,intel,core i7,12,16,16,SSD,512,nvidia,dedicated,0,14.0,1920,1080,windows,3,97
895,907,asus,Asus Vivobook 15X OLED 2023 K3504VA-LK552WS Laptop (13th Gen Core i5/ 16GB/ 1TB SSD/ Win11 Home),851.41,63,intel,core i5,12,16,16,SSD,1024,intel,integrated,0,15.6,1920,1080,windows,1,25
896,908,msi,MSI Raider GE68HX 13VG-026IN Gaming Laptop (13th Gen Core i7/ 32GB/ 2TB SSD/ Win11 Home/ 8GB Graph),2590.45,87,intel,core i7,16,24,32,SSD,2048,nvidia,dedicated,0,16.0,2560,1600,windows,2,1
897,909,msi,MSI Stealth 14 Studio A13VF-037IN Gaming Laptop (13th Gen Core i7/ 16GB/ 1TB SSD/ Win11 Home/ 8GB Graph),2062.74,80,intel,core i7,14,20,16,SSD,1024,nvidia,dedicated,0,15.6,2560,1600,windows,2,27
898,910,msi,MSI GF63 Thin 11UC-1297IN Gaming Laptop (11th Gen Core i5/ 8GB/ 1TB 256GB SSD/ Win11 Home/ 4GB Graph),839.42,70,intel,core i5,6,12,8,HDD,1024,nvidia,dedicated,0,15.6,1920,1080,windows,1,21
899,911,asus,Asus Vivobook 15X 2023 K3504VAB-NJ541WS Laptop (13th Gen Core i5/ 16GB/ 512GB SSD/ Win11 Home),749.59,56,intel,core i5,10,12,16,SSD,512,intel,integrated,0,15.6,1920,1080,windows,1,31
900,912,asus,Asus Vivobook 16 2023 X1605VA-MB541WS Laptop (13th Gen Core i5/ 16GB/ 512GB SSD/ Win11 Home),825.15,62,intel,core i5,12,16,16,SSD,512,intel,integrated,0,16.0,1920,1200,windows,1,31
901,913,hp,HP Spectre x360 2023 13.5-ef2034TU Laptop (13th Gen Core i7/ 32GB/ 1TB SSD/ Win11 Home),1724.94,75,intel,core i7,10,12,32,SSD,1024,intel,integrated,1,13.5,3000,2000,windows,1,6
902,914,asus,Asus Vivobook S15 OLED 2023 K5504VA-LK542WS Laptop (13th Gen Core i5/ 16GB/ 512GB SSD/ Win11 Home),1031.31,60,intel,core i5,12,16,16,SSD,512,intel,integrated,0,15.6,1920,1080,windows,1,31
903,915,asus,Asus VivoBook 14 2023 X1404VA-NK321WS Laptop (13th Gen Core i3/ 8GB/ 512GB SSD/ Win11 Home),551.58,57,intel,core i3,6,8,8,SSD,512,intel,integrated,0,14.0,1920,1080,windows,1,56
904,916,asus,Asus VivoBook 14 2023 X1404VA-NK522WS Laptop (13th Gen Core i5/ 8GB/ 512GB SSD/ Win11 Home),719.48,56,intel,core i5,10,12,8,SSD,512,intel,integrated,0,14.0,1920,1080,windows,1,56
905,917,asus,Asus Zenbook 14 Flip OLED 2023 UP3404VA-KN542WS Laptop (13th Gen Core i5/ 16GB/ 512GB SSD/ Win11 Home),1259.19,71,intel,core i5,12,16,16,SSD,512,intel,integrated,1,14.0,2880,1800,windows,1,13
906,918,asus,Asus Vivobook 15X OLED 2023 K3504VA-LK542WS Laptop (13th Gen Core i5/ 16GB/ 512GB SSD/ Win11 Home),820.23,64,intel,core i5,12,16,16,SSD,512,intel,integrated,0,15.6,1920,1080,windows,1,31
907,919,asus,Asus Zenbook S13 OLED 2023 UX5304VA-NQ542WS Laptop (13th Gen Core i5/ 16GB/ 512GB SSD/ Win11),1175.23,64,intel,core i5,10,12,16,SSD,512,intel,integrated,0,13.3,2880,1800,windows,1,13
908,920,asus,Asus Zenbook 14 OLED 2023 UX3402VA-KM541WS Laptop (13th Gen Core i5/ 16GB/ 512GB SSD/ Win11 Home),1115.27,70,intel,core i5,12,16,16,SSD,512,intel,integrated,0,14.0,2880,1800,windows,1,13
909,921,asus,Asus Vivobook 15 2023 X1502VA-NJ541WS Laptop (13th Gen Core i5/ 16GB/ 512GB SSD/ Win11),779.45,62,intel,core i5,12,16,16,SSD,512,intel,integrated,0,15.6,1920,1080,windows,1,31
910,922,asus,Asus Vivobook 15 OLED 2023 X1505VA-LK542WS Laptop (13th Gen Core i5/ 16GB/ 512GB SSD/ Win11 Home),899.38,60,intel,core i5,12,16,16,SSD,512,intel,integrated,0,15.6,1920,1080,windows,1,31
911,923,asus,Asus Vivobook Go 15 OLED 2023 E1504GA-LK322WS Laptop (Intel Core i3-N305/ 8GB/ 512GB SSD/ Win11 Home),527.59,53,intel,core i3,8,8,8,SSD,512,intel,integrated,0,15.6,1920,1080,windows,1,93
912,924,dell,Dell Inspiron 3525 D560771WIN9S Laptop (AMD Ryzen 5 5625U/ 8GB/ 512GB SSD/ Win11),539.58,62,amd,ryzen 5,6,12,8,SSD,512,amd,integrated,0,15.6,1920,1080,windows,1,102
913,925,asus,Asus VivoBook 14 2023 X1404VA-NK541WS Laptop (13th Gen Core i5/ 16GB/ 512GB SSD/ Win11 Home),767.46,58,intel,core i5,10,12,16,SSD,512,intel,integrated,0,14.0,1920,1080,windows,1,9
914,926,asus,Asus Vivobook Go 15 2023 E1504GA-NJ322WS Laptop (Intel Core i3-N305/ 8GB/ 512GB SSD/ Win11 Home),470.64,51,intel,core i3,8,8,8,SSD,512,intel,integrated,0,15.6,1920,1080,windows,1,93
915,927,asus,Asus Zenbook 14 Flip OLED 2023 UP3404VA-KN753WS Laptop (13th Gen Core i7/ 16GB/ 1TB SSD/ Win11 Home),1559.02,74,intel,core i7,12,16,16,SSD,1024,intel,integrated,1,14.0,2880,1800,windows,1,61
916,928,asus,Asus Vivobook S14 Flip 2022 TN3402QA-LZ520WS Laptop (AMD Ryzen 5-5600H/ 8GB/ 512GB SSD/Win11),707.49,62,amd,ryzen 5,6,12,8,SSD,512,amd,integrated,1,14.0,1920,1200,windows,1,57
917,929,lenovo,Lenovo V15 82QYA00MIN Laptop (Celeron N4020/ 8GB/ 256GB SSD/ Win11 Home),266.72,47,intel,celeron,2,2,8,SSD,256,intel,integrated,0,15.6,1920,1080,windows,1,66
918,930,hp,HP 255 G9 7B1L8PA Laptop (AMD Ryzen 5 5625U/ 8GB/ 512 GB SSD/ Win11 Home),449.63,64,amd,ryzen 5,6,12,8,SSD,512,amd,integrated,0,15.6,1366,768,windows,1,41
919,931,dell,Dell Vostro 3420 D552317WIN9B Laptop (12th Gen Core i5/ 8GB/ 512GB SSD/ Win11),670.43,59,intel,core i5,10,12,8,SSD,512,intel,integrated,0,15.6,1920,1080,windows,1,15
920,932,msi,MSI Bravo 15 B5ED-035IN Gaming Laptop (AMD Ryzen 7 / 16GB/ 512GB SSD/ Win11 Home/ 4GB Graph),743.47,72,amd,ryzen 7,8,16,16,SSD,512,amd,dedicated,0,15.6,1920,1080,windows,1,69
921,933,hp,HP Spectre x360 16-f2002TU Laptop (13th Gen Core i7/ 16GB/ 1TB SSD/ Win11 Home),1749.82,79,intel,core i7,14,20,16,SSD,1024,intel,integrated,1,16.0,3072,1920,windows,1,40
922,934,hp,HP Spectre x360 2023 13.5-ef2033TU Laptop (13th Gen Core i7/ 16GB/ 1TB SSD/ Win11 Home),1661.22,72,intel,core i7,10,12,16,SSD,1024,intel,integrated,1,13.5,3000,2000,windows,1,58
923,935,lenovo,Lenovo V15 G2 IJL 82QYA00HIN Laptop (Celeron N4500/ 8GB/ 256GB SSD/ DOS),263.73,43,intel,celeron,2,2,8,SSD,256,intel,integrated,0,15.6,1920,1080,dos,1,66
924,936,honor,Honor MagicBook 15 BMH-WFQ9HN Laptop (AMD Ryzen 5 5500U/ 16GB/ 512GB SSD/ Win11),527.59,59,amd,ryzen 5,6,12,16,SSD,512,amd,integrated,0,15.6,1920,1080,windows,1,147
925,937,acer,Acer Aspire 7 A715-75G Gaming Laptop (10th Gen Core i5/ 8GB/ 512GB SSD/ Win11 Home/ 4GB Graph),551.58,59,intel,core i5,4,8,8,SSD,512,nvidia,dedicated,0,15.6,1920,1080,windows,1,130
926,938,acer,Acer Aspire 3 15 A315-510P Laptop (Intel Core i3 N305/ 8GB/ 512GB SSD/ Win11 Home),395.66,50,intel,core i3,8,8,8,SSD,512,intel,integrated,0,15.6,1920,1080,windows,1,137
927,939,acer,Acer Aspire 3 14 A314-36M Laptop (Intel Core i3 N305/ 8GB/ 512GB SSD/ Win11 Home),384.87,44,intel,core i3,8,8,8,SSD,512,intel,integrated,0,14.0,1920,1080,windows,1,56
928,940,acer,Acer Predator Helios 16 NH.QJRSI.003 Laptop (13th Gen Core i9/ 16GB/ 1TB SSD/ Win11/ 8GB Graph),2218.77,71,intel,core i9,24,32,16,SSD,1024,nvidia,dedicated,0,16.0,2560,1600,windows,1,78
929,941,acer,Acer Predator Helios 16 Laptop (13th Gen Core i9/ 32GB/ 1TB SSD/ Win11/ 12GB Graph),2998.23,77,intel,core i9,24,32,32,SSD,1024,nvidia,dedicated,0,16.0,2560,1600,windows,1,29
930,942,lenovo,Lenovo V14-IGL 82C40185PB Laptop (Celeron N4020/ 4GB/ 256GB SSD/ DOS),263.73,45,intel,celeron,2,2,4,SSD,256,intel,integrated,0,14.0,1920,1080,dos,1,67
931,943,lenovo,Lenovo V14 82KAA04QIH Laptop (11th Gen Core i5/ 8GB/ 512GB SSD/ DOS),551.58,58,intel,core i5,4,8,8,SSD,512,intel,integrated,0,14.0,1366,768,dos,1,71
932,944,lenovo,Lenovo ThinkBook 15 G3 21A4A08WIH Laptop (AMD Ryzen 3 5300U/ 8 GB/ 512 GB SSD/ Win11 Home),401.66,56,amd,ryzen 3,4,8,8,SSD,512,amd,integrated,0,15.6,1920,1080,windows,1,14
933,945,lenovo,Lenovo V15 G2 82KDA022IH Laptop (AMD Ryzen 5 5500U/ 8GB/ 512GB SSD/ Win11 Home),430.44,56,amd,ryzen 5,6,12,8,SSD,512,amd,integrated,0,15.6,1920,1080,windows,1,14
934,946,asus,Asus Vivobook Pro 15 OLED M3500QC-L1712WS Laptop (Ryzen 7 5800H/ 16GB/ 1TB SSD/ Win11/ 4GB Graph),953.47,67,amd,ryzen 7,8,16,16,SSD,1024,nvidia,dedicated,0,15.6,1920,1080,windows,1,96
935,947,fujitsu,Fujitsu FMV MH 4ZR1K10326 Laptop (AMD Ryzen 7 5825U/ 16GB/ 512GB SSD/ Win11),677.55,70,amd,ryzen 7,8,16,16,SSD,512,amd,integrated,0,15.6,1920,1080,windows,2,132
936,948,hp,HP 15s-eq2223AU Laptop (AMD Ryzen 5 5500U/ 8GB/ 512GB SSD/ Win11 Home),517.99,58,amd,ryzen 5,6,12,8,SSD,512,amd,integrated,0,15.6,1920,1080,windows,1,64
937,949,msi,MSI Modern 15 B7M-072IN Laptop (Ryzen 5 7530U/ 8GB/ 512GB SSD/ Win11),527.59,53,amd,ryzen 5,6,12,8,SSD,512,amd,integrated,0,15.6,1920,1080,windows,1,147
938,950,dell,Dell XPS 9315 D560076WIN9S Laptop (12th Gen Core i5 / 16GB/ 512GB SSD/ Win11),1434.41,68,intel,core i5,10,12,16,SSD,512,intel,integrated,1,13.0,1920,1080,windows,1,94
939,951,acer,Acer Aspire 3 A315-24P Laptop (Ryzen 3 7520U/ 8GB/ 256GB SSD/ Win11 Home),335.7,52,amd,ryzen 3,4,8,8,SSD,256,amd,integrated,0,15.6,1920,1080,windows,1,136
940,952,lenovo,Lenovo IdeaPad 3 15ITL6 82H803DNIN Laptop (11th Gen Core i3/ 8GB/ 512GB SSD/ Win11 Home),437.64,60,intel,core i3,2,4,8,SSD,512,intel,integrated,0,15.6,1920,1080,windows,1,73
941,953,msi,MSI Modern 15 B7M-071IN Laptop (AMD Ryzen 5-7530U/ 16GB/ 512GB SSD/ Win11),587.56,54,amd,ryzen 5,6,12,16,SSD,512,amd,integrated,0,15.6,1920,1080,windows,1,147
942,954,lenovo,Lenovo Thinkpad E15 21E6S05A00 Laptop (12th Gen Core i3/ 8GB/ 512GB SSD/ Win11 Home),551.58,66,intel,core i3,6,8,8,SSD,512,intel,integrated,0,15.6,1920,1080,windows,1,82
943,955,lenovo,Lenovo Thinkpad E15 21E6S05G00 Laptop (12th Gen Core i5/ 8GB/ 512GB SSD/ DOS),791.55,55,intel,core i5,10,12,8,SSD,512,intel,integrated,0,15.6,1920,1080,dos,1,75
944,956,dell,Dell Vostro 5620 M552319WIN9S Laptop (12th Gen Core i7/ 16GB/ 512GB SSD/ Win11/ 2GB Graph),1055.3,72,intel,core i7,12,16,16,SSD,512,nvidia,dedicated,0,16.0,1920,1080,windows,1,80
945,957,lenovo,Lenovo E41-55 82FJ00A0IH Laptop (AMD Ryzen 3 3250U/ 8GB/ 1TB HDD/ DOS),407.66,52,amd,ryzen 3,2,4,8,HDD,1024,amd,integrated,0,14.0,1920,1080,dos,1,141
946,958,asus,Asus Vivobook Go 15 OLED 2023 E1504FA-LK541WS Laptop (Ryzen 5 7520U / 16GB/ 512GB SSD/ Win11 Home),609.08,59,amd,ryzen 5,4,8,16,SSD,512,amd,integrated,0,15.6,1920,1080,windows,1,147
947,959,hp,HP Pavilion 15s-fq5013nia Laptop (12th Gen Core i5/ 8GB/ 512GB SSD/ Win11 Home),695.5,59,intel,core i5,10,12,8,SSD,512,intel,integrated,0,15.6,1366,768,windows,1,41
948,960,lenovo,Lenovo Thinkpad P16s 21BTS02000 Laptop (12th Gen Core i7/ 16GB/ 1TB SSD/ Win11 Pro/ 4GB Graph),1754.29,75,intel,core i7,12,16,16,SSD,1024,nvidia,dedicated,0,16.0,1920,1200,windows,3,10
949,961,hp,HP 247 G8 Laptop (AMD Ryzen 3 3500U/ 8GB/ 512GB SSD/Win11),394.46,52,amd,ryzen 3,4,8,8,SSD,512,amd,integrated,0,14.0,1366,768,windows,1,45
950,962,lenovo,Lenovo ThinkBook 14 20VDA0V1IH Laptop (11th Gen Core i3/ 8GB/ 512GB SSD/ DOS),521.71,54,intel,core i3,2,4,8,SSD,512,intel,integrated,0,14.0,1920,1080,dos,1,67
951,963,asus,Asus Vivobook 14 OLED 2023 M1405YA-KM541WS Laptop (AMD Ryzen 5 7530U/ 16GB/ 512GB SSD/ Win11 Home),742.39,67,amd,ryzen 5,6,12,16,SSD,512,amd,integrated,0,14.0,2880,1800,windows,1,115
952,964,hp,HP Chromebook x360 13b-ca0006MU Laptop (MediaTek Kompanio 1200/ 8GB/ 256 GB SSD/ Chrome OS),474.35,43,other,other,8,0,8,SSD,256,arm,integrated,1,13.3,1920,1080,chrome,1,118
953,965,hp,HP Chromebook 15a-na0012TU Laptop (Intel Celeron N4500/ 4GB/ 128GB eMMC/ Chrome OS),251.74,37,intel,celeron,2,2,4,HDD,128,intel,integrated,0,15.6,1366,768,chrome,1,36
954,966,lenovo,Lenovo V14 82KAA08BIH Laptop (11th Gen Core i3/ 8GB/ 512GB SSD/ Dos),371.68,50,intel,core i3,2,4,8,SSD,512,intel,integrated,0,14.0,1920,1080,dos,1,67
955,967,hp,HP 255 G8 689T4PA Laptop (Ryzen 3 3250U/ 8GB/512GB SSD/ Win11 Home),323.81,59,amd,ryzen 3,2,4,8,SSD,512,amd,integrated,0,15.6,1920,1080,windows,1,139
956,968,lenovo,Lenovo V15 G3 82TTA01EIN Laptop (12th Gen Core i3/ 8GB/ 512GB SSD/ DOS),386.19,48,intel,core i3,6,8,8,SSD,512,intel,integrated,0,15.6,1920,1080,dos,1,75
957,969,asus,Asus ROG Zephyrus M16 2023 GU604VZ-NM050WS Laptop (13th Gen Core i9/ 32GB/ 1TB SSD/ Win11 / 12GB Graph),2998.23,89,intel,core i9,14,20,32,SSD,1024,nvidia,dedicated,0,16.0,2560,1600,windows,1,55
958,970,asus,Asus Vivobook Go 14 2023 E1404FA-NK522WS Laptop (Ryzen 5 7520U / 8GB/ 512GB SSD/ Win11),539.34,58,amd,ryzen 5,4,8,8,SSD,512,amd,integrated,0,14.0,1920,1080,windows,1,48
959,971,asus,Asus Vivobook Go 14 2023 E1404FA-NK542WS Laptop (Ryzen 5 7520U / 16GB/ 512GB SSD/ Win11),547.98,59,amd,ryzen 5,4,8,16,SSD,512,amd,integrated,0,14.0,1920,1080,windows,1,18
960,972,lenovo,Lenovo Thinkbook 15 21DJA0D9IH Laptop (12th Gen Core i5/ 16GB/ 1TB SSD/ Win11 Home),719.48,64,intel,core i5,10,12,16,SSD,1024,intel,integrated,0,15.6,1920,1080,windows,1,25
961,973,msi,MSI Modern 14 C7M-063IN Laptop (Ryzen 5 7530U/ 8GB/ 512GB SSD/ Win11),503.6,60,amd,ryzen 5,6,12,8,SSD,512,amd,integrated,0,14.0,1920,1080,windows,1,57
962,974,hp,HP 247 G8 796Z3PA Laptop (AMD Ryzen 3 3250U/ 8GB/ 512GB SSD/ DOS),371.78,47,amd,ryzen 3,2,4,8,SSD,512,amd,integrated,0,14.0,1366,768,dos,1,45
963,975,acer,Acer Nitro 5 AN515-58 UN.QFHSI.002 Gaming Laptop (12th Gen Core i5/ 16GB/ 512GB SSD/ Win11/ 4GB Graph),917.48,71,intel,core i5,12,16,16,SSD,512,nvidia,dedicated,0,15.6,1920,1080,windows,1,47
964,976,msi,MSI Modern 14 C12M-440IN Laptop (12th Gen Core i5/ 8GB/ 512GB SSD/ Win11 Home),455.63,58,intel,core i5,10,12,8,SSD,512,intel,integrated,0,14.0,1920,1080,windows,1,0
965,977,msi,MSI Modern 14 C12M-439IN Laptop (12th Gen Core i5/ 16GB/ 512GB SSD/ Win11 Home),569.57,59,intel,core i5,10,12,16,SSD,512,intel,integrated,0,14.0,1920,1080,windows,1,53
966,978,msi,MSI Prestige 13 Evo A13M-063IN Laptop(13th Gen Core i7/ 16 GB/ 1TB SSD/Win11 Home),1115.27,72,intel,core i7,12,16,16,SSD,1024,intel,integrated,0,13.3,1920,1200,windows,2,110
967,979,msi,MSI Sword 15 A12UDX-468IN Gaming Laptop (12th Gen Core i5/ 16GB/ 1TB SSD/ Win11/ 6GB Graph),995.33,74,intel,core i5,8,12,16,SSD,1024,nvidia,dedicated,0,15.6,1920,1080,windows,2,21
968,980,acer,Acer Aspire 3 A315-24P NX.KDESI.003 Laptop (Ryzen 3 7520U/ 8GB/ 512GB SSD/ Win11 Home),359.68,54,amd,ryzen 3,4,8,8,SSD,512,amd,integrated,0,15.6,1920,1080,windows,1,136
969,981,asus,Asus Vivobook Go 14 2023 E1404FA-NK322WS Laptop (Ryzen 3 7320U / 8GB/ 512GB SSD/ Win11 Home),386.07,53,amd,ryzen 3,4,8,8,SSD,512,amd,integrated,0,14.0,1920,1080,windows,1,48
970,982,asus,Asus Vivobook Pro 15 M6500QC-HN742WS Laptop (Ryzen 7 5800H/ 16GB/ 512GB SSD/ Win11/ 4GB Graph),827.42,72,amd,ryzen 7,8,16,16,SSD,512,nvidia,dedicated,0,15.6,1920,1080,windows,1,85
971,983,lg,LG Gram 16T90Q-G.AH75A2 Laptop (12th Gen Core i7/ 16GB/ 512GB SSD/ Win11),1421.2,72,intel,core i7,12,16,16,SSD,512,intel,integrated,1,16.0,2560,1600,windows,1,52
972,984,msi,MSI Prestige 14 Evo B13M-279IN Laptop(13th Gen Core i7/ 16 GB/ 1TB SSD/Win11 Home),1048.11,67,intel,core i7,14,20,16,SSD,1024,intel,integrated,0,14.0,1920,1200,windows,2,110
973,985,acer,Acer Nitro 5 AN515-47 NH.QL3SI.001 Gaming Laptop (AMD Ryzen 5 7535HS/ 8GB/ 512GB SSD/ Win11/ 4GB Graph),827.53,71,amd,ryzen 5,6,12,8,SSD,512,nvidia,dedicated,0,15.6,1920,1080,windows,1,11
974,986,msi,MSI Modern 15 B13M-289IN Laptop (13th Gen Core i5/ 16GB/ 512GB SSD/ Win11 Home),606.76,59,intel,core i5,10,12,16,SSD,512,intel,integrated,0,15.6,1920,1080,windows,1,107
975,987,msi,MSI Modern 14 C13M-435IN Laptop (13th Gen Core i7/ 16GB/ 512GB SSD/ Win11 Home),731.48,61,intel,core i7,10,12,16,SSD,512,intel,integrated,0,14.0,1920,1080,windows,1,53
976,988,asus,Asus ROG Strix SCAR 16 2023 G634JZ-N4062WS Gaming Laptop (13th Gen Core i9/ 32GB/ 1TB SSD/ Win11 Home/ 12GB Graph),3358.03,83,intel,core i9,24,32,32,SSD,1024,nvidia,dedicated,0,16.0,2560,1600,windows,1,29
977,989,msi,MSI Modern 14 C13M-436IN Laptop (13th Gen Core i5/ 16GB/ 512GB SSD/ Win11 Home),647.52,58,intel,core i5,10,12,16,SSD,512,intel,integrated,0,14.0,1920,1080,windows,1,53
978,990,msi,MSI Modern 14 C13M-437IN Laptop (13th Gen Core i5/ 8GB/ 512GB SSD/ Win11 Home),491.61,56,intel,core i5,10,12,8,SSD,512,intel,integrated,0,14.0,1920,1080,windows,1,0
979,991,hp,HP Spectre x360 14-ef0075TU Laptop (12th Gen Core i7/ 16GB/ 1TB SSD/ Win11),1858.96,73,intel,core i7,10,12,16,SSD,1024,intel,integrated,1,13.5,3000,2000,windows,1,58
980,992,asus,Asus Vivobook Flip 14 2023 TN3402YAB-LZ522WS Laptop (Ryzen 5 7530U/ 8GB/ 512GB SSD/ Win11 Home),659.52,68,amd,ryzen 5,6,12,8,SSD,512,amd,integrated,1,14.0,1920,1200,windows,1,57
981,993,msi,MSI Katana 15 B13VFK-296IN Gaming Laptop (13th Gen Core i7/ 16GB/ 1TB SSD/ Win11 Home/ 8GB Graph),1439.09,76,intel,core i7,10,16,16,SSD,1024,nvidia,dedicated,0,15.6,1920,1080,windows,2,21
982,994,asus,Asus Zenbook 14 OLED 2023 UM3402YA-KM551WS Laptop (Ryzen 5 7530U / 16GB/ 1TB SSD/ Win11 Home),935.36,68,amd,ryzen 5,6,12,16,SSD,1024,amd,integrated,0,14.0,2880,1800,windows,1,86
983,995,asus,Asus Vivobook 16 2023 M1605YA-MB551WS Laptop (Ryzen 5 7530U / 16GB/ 1TB SSD/ Win11 Home),803.44,65,amd,ryzen 5,6,12,16,SSD,1024,amd,integrated,0,16.0,1920,1200,windows,1,116
984,996,asus,Asus Vivobook 16 2023 M1605YA-MB541WS Laptop (Ryzen 5 7530U / 16GB/ 512GB SSD/ Win11 Home),719.48,64,amd,ryzen 5,6,12,16,SSD,512,amd,integrated,0,16.0,1920,1200,windows,1,37
985,997,acer,Acer Nitro 5 AN515-47 NH.QL3SI.003 Gaming Laptop (AMD Ryzen 7 7735HS/ 8GB/ 512GB SSD/ Win11 Home/ 4GB Graph),905.5,67,amd,ryzen 7,8,16,8,SSD,512,nvidia,dedicated,0,15.6,1920,1080,windows,1,11
986,998,asus,Asus Vivobook Pro 15 M6500QC-HN542WS Laptop (Ryzen 5 5600H/ 16GB/ 512GB SSD/ Win11/ 4GB Graph),791.44,68,amd,ryzen 5,6,12,16,SSD,512,nvidia,dedicated,0,15.6,1920,1080,windows,1,85
987,999,msi,MSI Thin GF63 12VE-070IN Gaming Laptop (12th Gen Core i7/ 16GB/ 512GB SSD/ Win11 Home/6GB Graphics),1103.27,73,intel,core i7,10,16,16,SSD,512,nvidia,dedicated,0,15.6,1920,1080,windows,2,7
988,1000,asus,Asus Vivobook Go 15 2023 E1504FA-NJ522WS Laptop (Ryzen 5 7520U / 8GB/ 512GB SSD/ Win11 Home),539.58,59,amd,ryzen 5,4,8,8,SSD,512,amd,integrated,0,15.6,1920,1080,windows,1,64
989,1001,asus,Asus Zenbook 14 2023 UM3402YA-KP541WS Laptop (Ryzen 5 7530U/ 16GB/ 512GB SSD/ Win11 Home),815.43,68,amd,ryzen 5,6,12,16,SSD,512,amd,integrated,0,14.0,2560,1600,windows,1,115
990,1002,hp,HP Chromebook 15a-na0008TU Laptop (Intel Celeron N4500/ 4GB/ 128GB eMMC/ Chrome OS),251.74,37,intel,celeron,2,2,4,HDD,128,intel,integrated,0,15.6,1366,768,chrome,1,36
